1;0.9999;0.9996;0.9991;0.9984;0.9975;0.9964;0.9951;0.9936;0.9919;0.99;0.9879;0.9856;0.9831;0.9804;0.9775;0.9744;0.9711;0.9676;0.9639;0.96;0.9559;0.9516;0.9471;0.9424;0.9375;0.9324;0.9271;0.9216;0.9159;0.91;0.9039;0.8976;0.8911;0.8844;0.8775;0.8704;0.8631;0.8556;0.8479;0.84;0.8319;0.8236;0.8151;0.8064;0.7975;0.7884;0.7791;0.7696;0.7599;0.75;0.7399;0.7296;0.7191;0.7084;0.6975;0.6864;0.6751;0.6636;0.6519;0.64;0.6279;0.6156;0.6031;0.5904;0.5775;0.5644;0.5511;0.5376;0.5239;0.51;0.4959;0.4816;0.4671;0.4524;0.4375;0.4224;0.4071;0.3916;0.3759;0.36;0.3439;0.3276;0.3111;0.2944;0.2775;0.2604;0.2431;0.2256;0.2079;0.19;0.1719;0.1536;0.1351;0.1164;0.0975;0.0784;0.0591;0.0396;0.0199;0
0.99875;0.987921;0.982475;0.977009;0.971527;0.966027;0.96051;0.954975;0.949419;0.943838;0.938229;0.932585;0.926902;0.921171;0.915388;0.909545;0.903636;0.897655;0.891596;0.885456;0.879231;0.872919;0.866519;0.860031;0.853457;0.846799;0.840061;0.833246;0.826359;0.819405;0.812387;0.805311;0.79818;0.790997;0.783764;0.776484;0.769155;0.761776;0.754347;0.746864;0.739323;0.731721;0.724051;0.716311;0.708495;0.700598;0.692617;0.68455;0.676393;0.668146;0.65981;0.651385;0.642875;0.634282;0.625613;0.616872;0.608065;0.599199;0.59028;0.581315;0.572309;0.563269;0.554198;0.5451;0.535979;0.526835;0.51767;0.508482;0.499272;0.490036;0.480772;0.471478;0.462151;0.452789;0.443389;0.43395;0.424472;0.414955;0.405401;0.395814;0.386196;0.376555;0.366895;0.357225;0.347553;0.337887;0.328236;0.318609;0.309016;0.299463;0.28996;0.280512;0.271126;0.261807;0.252559;0.243385;0.234286;0.225265;0.216321;0.207456;0.198669
0.995004;0.983924;0.97836;0.972786;0.967204;0.961618;0.95603;0.950439;0.944847;0.939251;0.933648;0.928036;0.922411;0.916767;0.911101;0.905407;0.89968;0.893917;0.888113;0.882266;0.876374;0.870437;0.864454;0.858427;0.852358;0.846251;0.84011;0.833939;0.827745;0.821532;0.815306;0.809071;0.802832;0.796592;0.790356;0.784123;0.777895;0.771673;0.765453;0.759235;0.753015;0.74679;0.740556;0.734308;0.728042;0.721754;0.715442;0.709102;0.702733;0.696335;0.689907;0.683451;0.67697;0.670468;0.663948;0.657417;0.65088;0.644343;0.637812;0.631294;0.624793;0.618315;0.611864;0.605443;0.599054;0.592699;0.586377;0.580088;0.57383;0.5676;0.561396;0.555214;0.54905;0.542902;0.536767;0.530642;0.524526;0.518418;0.51232;0.506232;0.500158;0.494101;0.488066;0.482059;0.476086;0.470153;0.464268;0.458437;0.452666;0.446962;0.44133;0.435774;0.430298;0.424903;0.419592;0.414364;0.409218;0.404153;0.399167;0.394256;0.389418
0.988771;0.980176;0.975854;0.971522;0.967183;0.962841;0.958499;0.954156;0.949815;0.945474;0.941131;0.936784;0.932429;0.928064;0.923683;0.919283;0.914859;0.910409;0.90593;0.901419;0.896875;0.892298;0.887688;0.883048;0.87838;0.873687;0.868975;0.864249;0.859512;0.854772;0.850033;0.845301;0.840579;0.835873;0.831184;0.826515;0.821867;0.817239;0.812631;0.808041;0.803467;0.798904;0.794349;0.789799;0.785249;0.780696;0.776137;0.77157;0.766992;0.762404;0.757805;0.753198;0.748585;0.743968;0.739353;0.734744;0.730146;0.725566;0.721009;0.71648;0.711984;0.707527;0.703111;0.69874;0.694415;0.690137;0.685906;0.681721;0.677579;0.673479;0.669416;0.665387;0.661389;0.657417;0.65347;0.649543;0.645636;0.641747;0.637877;0.634026;0.630197;0.626392;0.622615;0.618872;0.615167;0.611507;0.607896;0.604341;0.600847;0.59742;0.594063;0.590779;0.587572;0.584443;0.581393;0.57842;0.575523;0.5727;0.569948;0.567263;0.564642
0.980067;0.974652;0.971917;0.96917;0.966415;0.963654;0.960891;0.958127;0.955362;0.952596;0.949827;0.947053;0.944271;0.941478;0.938671;0.935845;0.932996;0.930123;0.927222;0.924291;0.921329;0.918336;0.915314;0.912263;0.909187;0.906089;0.902974;0.899846;0.896711;0.893573;0.890439;0.887313;0.884199;0.881102;0.878023;0.874965;0.871929;0.868915;0.865923;0.862949;0.859993;0.85705;0.854117;0.851191;0.848267;0.845343;0.842416;0.839483;0.836543;0.833594;0.830639;0.827676;0.82471;0.821743;0.81878;0.815824;0.81288;0.809955;0.807053;0.80418;0.801339;0.798536;0.795774;0.793055;0.79038;0.787751;0.785166;0.782626;0.780127;0.777666;0.775242;0.772849;0.770484;0.768143;0.765825;0.763524;0.761241;0.758973;0.75672;0.754483;0.752264;0.750065;0.74789;0.745743;0.743628;0.741552;0.739519;0.737534;0.735602;0.733728;0.731915;0.730166;0.728484;0.72687;0.725323;0.723842;0.722427;0.721074;0.71978;0.718542;0.717356
0.968912;0.966597;0.965407;0.964203;0.962987;0.961764;0.960535;0.959301;0.958064;0.956822;0.955574;0.954319;0.953053;0.951773;0.950476;0.949158;0.947817;0.946448;0.945049;0.943619;0.942157;0.940662;0.939136;0.93758;0.935996;0.934389;0.932762;0.93112;0.929467;0.92781;0.926152;0.924498;0.922853;0.92122;0.919601;0.917999;0.916415;0.914848;0.913298;0.911762;0.910239;0.908725;0.907217;0.905711;0.904204;0.902693;0.901174;0.899646;0.898107;0.896556;0.894994;0.893421;0.891841;0.890254;0.888666;0.887081;0.885503;0.883937;0.882388;0.880861;0.87936;0.877889;0.876452;0.87505;0.873684;0.872356;0.871064;0.869808;0.868585;0.867392;0.866226;0.865084;0.863962;0.862856;0.861763;0.86068;0.859606;0.858539;0.857478;0.856425;0.85538;0.854346;0.853326;0.852323;0.851343;0.85039;0.849469;0.848584;0.847739;0.84694;0.846189;0.845489;0.844841;0.844247;0.843706;0.843218;0.842779;0.842389;0.842043;0.841739;0.841471
0.955336;0.955698;0.955844;0.955972;0.956086;0.956188;0.956281;0.956366;0.956444;0.956513;0.956573;0.956621;0.956655;0.956671;0.956667;0.956639;0.956583;0.956496;0.956377;0.956224;0.956035;0.95581;0.95555;0.955257;0.954932;0.95458;0.954204;0.953808;0.953397;0.952975;0.952548;0.952119;0.951692;0.951271;0.950858;0.950455;0.950062;0.94968;0.949307;0.948941;0.948581;0.948223;0.947864;0.947501;0.94713;0.946747;0.946351;0.945938;0.945507;0.945058;0.94459;0.944105;0.943604;0.94309;0.942567;0.942038;0.941508;0.94098;0.940461;0.939954;0.939463;0.938991;0.938542;0.938118;0.937719;0.937347;0.936999;0.936676;0.936374;0.936091;0.935824;0.935569;0.935323;0.935081;0.934841;0.9346;0.934356;0.934108;0.933854;0.933596;0.933334;0.933071;0.932809;0.932552;0.932304;0.932068;0.931851;0.931655;0.931485;0.931344;0.931236;0.931163;0.931126;0.931127;0.931163;0.931236;0.931342;0.931478;0.931642;0.931831;0.932039
0.939373;0.941821;0.943007;0.944172;0.945319;0.946452;0.947571;0.948679;0.949776;0.95086;0.951931;0.952986;0.954022;0.955037;0.956028;0.95699;0.957921;0.958818;0.959679;0.960501;0.961283;0.962026;0.962729;0.963394;0.964024;0.964621;0.965189;0.965732;0.966253;0.966758;0.96725;0.967734;0.968213;0.96869;0.969168;0.969647;0.970128;0.970612;0.971097;0.971581;0.972062;0.972536;0.973002;0.973454;0.973891;0.974308;0.974702;0.975073;0.975417;0.975734;0.976024;0.976287;0.976526;0.976743;0.976941;0.977123;0.977294;0.977457;0.977617;0.977778;0.977944;0.978117;0.9783;0.978495;0.978704;0.978925;0.979159;0.979403;0.979656;0.979915;0.980177;0.980437;0.980693;0.98094;0.981176;0.981398;0.981604;0.981792;0.981961;0.982112;0.982245;0.982363;0.982468;0.982563;0.982652;0.982738;0.982825;0.982919;0.983021;0.983136;0.983266;0.983413;0.983579;0.983763;0.983966;0.984186;0.984421;0.984669;0.984925;0.985186;0.98545
0.921061;0.924911;0.926793;0.928653;0.930491;0.932312;0.934117;0.935905;0.937679;0.939436;0.941175;0.942895;0.944592;0.946264;0.947906;0.949517;0.951092;0.952629;0.954125;0.955579;0.956989;0.958354;0.959676;0.960955;0.962194;0.963394;0.96456;0.965694;0.966801;0.967884;0.968948;0.969996;0.971032;0.972057;0.973075;0.974086;0.97509;0.976088;0.977078;0.978058;0.979027;0.97998;0.980914;0.981827;0.982715;0.983574;0.984402;0.985197;0.985956;0.986679;0.987366;0.988016;0.988633;0.989217;0.989771;0.990299;0.990805;0.991292;0.991763;0.992224;0.992676;0.993123;0.993567;0.99401;0.994452;0.994894;0.995334;0.995771;0.996202;0.996625;0.997036;0.997433;0.99781;0.998166;0.998496;0.998797;0.999068;0.999307;0.999513;0.999686;0.999827;0.999937;1.00002;1.00007;1.00011;1.00012;1.00012;1.00011;1.00009;1.00006;1.00003;1;0.99997;0.999939;0.999907;0.999872;0.999834;0.999788;0.999732;0.999662;0.999574
0.900447;0.904965;0.907178;0.909366;0.91153;0.913673;0.915796;0.9179;0.919985;0.92205;0.924093;0.926112;0.928105;0.930068;0.931998;0.933892;0.935747;0.937559;0.939326;0.941046;0.942718;0.944342;0.945917;0.947444;0.948926;0.950364;0.951761;0.953122;0.954448;0.955744;0.957013;0.958259;0.959485;0.960692;0.961883;0.963059;0.96422;0.965365;0.966493;0.967602;0.96869;0.969754;0.97079;0.971795;0.972765;0.973698;0.97459;0.97544;0.976245;0.977004;0.977717;0.978384;0.979007;0.979587;0.980126;0.980629;0.981097;0.981535;0.981945;0.982332;0.982698;0.983046;0.983378;0.983694;0.983996;0.984283;0.984555;0.984809;0.985043;0.985255;0.985441;0.985597;0.98572;0.985807;0.985853;0.985857;0.985816;0.985728;0.985592;0.985409;0.985178;0.984901;0.98458;0.984217;0.983815;0.983378;0.982908;0.982409;0.981884;0.981335;0.980765;0.980175;0.979566;0.978938;0.978289;0.977619;0.976925;0.976204;0.975454;0.974669;0.973848
0.877583;0.882024;0.884197;0.886341;0.888459;0.890553;0.892624;0.894673;0.896699;0.898701;0.900678;0.902627;0.904546;0.906431;0.90828;0.910088;0.911852;0.913571;0.91524;0.916859;0.918425;0.919938;0.921398;0.922806;0.924163;0.925471;0.926732;0.927951;0.929129;0.930271;0.931378;0.932455;0.933504;0.934527;0.935525;0.9365;0.937451;0.938377;0.939278;0.94015;0.940993;0.941802;0.942574;0.943307;0.943995;0.944638;0.94523;0.94577;0.946257;0.946688;0.947064;0.947384;0.947649;0.947862;0.948024;0.948137;0.948206;0.948232;0.948219;0.94817;0.948088;0.947975;0.947832;0.947661;0.947462;0.947235;0.946978;0.946689;0.946367;0.946008;0.945609;0.945166;0.944677;0.944136;0.943542;0.94289;0.94218;0.941408;0.940575;0.939678;0.93872;0.9377;0.936621;0.935485;0.934294;0.933051;0.931759;0.93042;0.929039;0.927616;0.926154;0.924654;0.923117;0.921541;0.919927;0.918273;0.916576;0.914833;0.913042;0.911198;0.909297
0.852525;0.856168;0.857939;0.859679;0.861392;0.863077;0.864737;0.866371;0.867979;0.86956;0.871112;0.872633;0.87412;0.87557;0.87698;0.878345;0.879664;0.880932;0.882148;0.883309;0.884414;0.885461;0.886452;0.887385;0.888263;0.889087;0.88986;0.890584;0.891261;0.891896;0.89249;0.893047;0.893568;0.894056;0.894511;0.894935;0.895326;0.895685;0.89601;0.896299;0.896549;0.896757;0.896919;0.897033;0.897095;0.897102;0.89705;0.896938;0.896763;0.896524;0.89622;0.895851;0.895419;0.894924;0.894368;0.893754;0.893084;0.892361;0.891588;0.890767;0.889901;0.888992;0.888041;0.887049;0.886016;0.884942;0.883825;0.882664;0.881455;0.880197;0.878886;0.877517;0.876089;0.874596;0.873037;0.871407;0.869704;0.867928;0.866075;0.864147;0.862142;0.860062;0.857908;0.855683;0.853388;0.851026;0.848599;0.84611;0.843562;0.840957;0.838295;0.835579;0.832808;0.829982;0.8271;0.82416;0.82116;0.818098;0.814968;0.811769;0.808496
0.825336;0.827512;0.828548;0.829551;0.830524;0.831468;0.832383;0.833271;0.834129;0.834957;0.835754;0.836516;0.837241;0.837925;0.838566;0.839159;0.839703;0.840193;0.840627;0.841003;0.841319;0.841575;0.841769;0.841903;0.841977;0.841992;0.841952;0.841857;0.841711;0.841517;0.841276;0.840991;0.840664;0.840297;0.83989;0.839445;0.83896;0.838435;0.837868;0.837258;0.8366;0.835894;0.835134;0.834318;0.833442;0.832503;0.831498;0.830424;0.82928;0.828064;0.826775;0.825413;0.823978;0.822473;0.820897;0.819254;0.817546;0.815775;0.813943;0.812054;0.810109;0.808109;0.806057;0.803952;0.801795;0.799585;0.79732;0.795;0.79262;0.790179;0.787672;0.785097;0.78245;0.779726;0.776924;0.77404;0.771072;0.768017;0.764875;0.761644;0.758325;0.754918;0.751425;0.747847;0.744186;0.740444;0.736625;0.732729;0.72876;0.724718;0.720606;0.716424;0.712173;0.707851;0.703457;0.698991;0.694449;0.689829;0.685127;0.68034;0.675463
0.796084;0.796207;0.796214;0.796188;0.796129;0.796039;0.795919;0.795768;0.795586;0.795371;0.795121;0.794834;0.794508;0.794138;0.793722;0.793256;0.792738;0.792163;0.791529;0.790834;0.790077;0.789256;0.788371;0.787422;0.786409;0.785335;0.7842;0.783007;0.781757;0.780455;0.7791;0.777697;0.776246;0.774749;0.773206;0.771618;0.769985;0.768304;0.766576;0.764797;0.762964;0.761076;0.759128;0.757116;0.755039;0.752891;0.750672;0.748376;0.746004;0.743553;0.741022;0.738411;0.735721;0.732952;0.730106;0.727184;0.724189;0.721122;0.717987;0.714785;0.711518;0.708187;0.704794;0.701338;0.697821;0.69424;0.690595;0.686884;0.683104;0.679252;0.675324;0.671319;0.66723;0.663057;0.658794;0.654439;0.64999;0.645445;0.640802;0.636061;0.631221;0.626283;0.621248;0.616117;0.610893;0.605577;0.600171;0.594677;0.589098;0.583434;0.577687;0.571858;0.565947;0.559953;0.553874;0.54771;0.541458;0.535114;0.528675;0.522139;0.515501
0.764842;0.762432;0.761171;0.759875;0.758546;0.757184;0.75579;0.754363;0.752902;0.751407;0.749875;0.748304;0.74669;0.745032;0.743324;0.741565;0.739751;0.737878;0.735945;0.733949;0.731887;0.72976;0.727566;0.725305;0.722978;0.720587;0.718132;0.715615;0.713039;0.710405;0.707715;0.704972;0.702177;0.699331;0.696434;0.693487;0.690489;0.687439;0.684336;0.681176;0.677958;0.674679;0.671334;0.667921;0.664437;0.660878;0.65724;0.653523;0.649723;0.645839;0.64187;0.637815;0.633676;0.629452;0.625144;0.620755;0.616287;0.61174;0.607118;0.602421;0.597653;0.592813;0.587904;0.582925;0.577875;0.572755;0.567562;0.562295;0.556951;0.551527;0.54602;0.540427;0.534743;0.528967;0.523093;0.51712;0.511046;0.504867;0.498583;0.492193;0.485697;0.479095;0.472388;0.465576;0.458663;0.451649;0.444537;0.437328;0.430024;0.422627;0.415137;0.407555;0.399882;0.392115;0.384255;0.376299;0.368245;0.36009;0.351832;0.343465;0.334988
0.731689;0.726393;0.723688;0.720948;0.718172;0.715363;0.71252;0.709642;0.70673;0.703781;0.700794;0.697766;0.694694;0.691575;0.688406;0.685184;0.681904;0.678566;0.675165;0.671699;0.668167;0.664568;0.6609;0.657164;0.653361;0.64949;0.645553;0.641553;0.63749;0.633367;0.629186;0.624947;0.620653;0.616305;0.611902;0.607445;0.602934;0.598366;0.593741;0.589056;0.584309;0.579496;0.574614;0.569661;0.564632;0.559524;0.554335;0.549063;0.543704;0.538257;0.532722;0.527098;0.521385;0.515584;0.509695;0.503721;0.497662;0.491521;0.485299;0.478998;0.47262;0.466166;0.459636;0.453031;0.44635;0.439593;0.432757;0.425842;0.418844;0.411761;0.40459;0.397326;0.389968;0.382511;0.374952;0.367289;0.359519;0.35164;0.343651;0.335551;0.32734;0.319017;0.310585;0.302043;0.293394;0.284638;0.275779;0.266816;0.257753;0.248591;0.239329;0.22997;0.220512;0.210955;0.201298;0.191539;0.181675;0.171705;0.161624;0.151431;0.14112
0.696707;0.688315;0.684062;0.679772;0.675447;0.671086;0.666691;0.66226;0.657794;0.653289;0.648745;0.644159;0.639528;0.634849;0.630119;0.625335;0.620493;0.615591;0.610626;0.605596;0.600499;0.595334;0.590099;0.584796;0.579424;0.573984;0.568477;0.562904;0.557268;0.55157;0.545812;0.539995;0.53412;0.528189;0.5222;0.516156;0.510054;0.503894;0.497674;0.491391;0.485044;0.478629;0.472143;0.465583;0.458946;0.452228;0.445427;0.43854;0.431566;0.424502;0.417348;0.410103;0.402767;0.395341;0.387826;0.380223;0.372533;0.364758;0.3569;0.348961;0.340941;0.332842;0.324664;0.316409;0.308074;0.29966;0.291164;0.282586;0.273922;0.26517;0.256327;0.247389;0.238353;0.229217;0.219977;0.21063;0.201174;0.191608;0.181929;0.172137;0.162232;0.152214;0.142084;0.131842;0.12149;0.11103;0.100464;0.0897919;0.0790167;0.0681391;0.0571599;0.0460797;0.0348983;0.0236151;0.0122289;0.000738136;-0.0108595;-0.0225665;-0.0343858;-0.0463206;-0.0583741
0.659983;0.648439;0.642608;0.636741;0.630837;0.624898;0.618924;0.612913;0.606865;0.600779;0.594653;0.588484;0.58227;0.576007;0.569693;0.563324;0.556898;0.550412;0.543862;0.537248;0.530567;0.523817;0.517;0.510113;0.503157;0.496133;0.489043;0.481887;0.474667;0.467384;0.460041;0.452638;0.445177;0.437658;0.430081;0.422447;0.414755;0.407004;0.399192;0.391317;0.383376;0.375366;0.367286;0.35913;0.350898;0.342584;0.334188;0.325706;0.317136;0.308477;0.299728;0.290889;0.281958;0.272938;0.263829;0.254631;0.245347;0.235977;0.226525;0.21699;0.207375;0.197679;0.187905;0.178052;0.168119;0.158107;0.148012;0.137834;0.127571;0.117219;0.106776;0.0962382;0.0856033;0.074868;0.0640294;0.053085;0.0420325;0.0308701;0.0195966;0.00821125;-0.00328631;-0.0148958;-0.0266166;-0.0384476;-0.0503876;-0.0624349;-0.074588;-0.0868452;-0.0992053;-0.111667;-0.124229;-0.136892;-0.149655;-0.16252;-0.175486;-0.188556;-0.201731;-0.215014;-0.228409;-0.241916;-0.255541
0.62161;0.607011;0.599653;0.592258;0.584826;0.577358;0.569855;0.562315;0.554738;0.547122;0.539465;0.531766;0.524021;0.516228;0.508384;0.500486;0.492531;0.484517;0.47644;0.468299;0.460093;0.451819;0.443478;0.435069;0.426592;0.418048;0.409439;0.400764;0.392027;0.383228;0.374368;0.36545;0.356473;0.34744;0.338349;0.329202;0.319997;0.310733;0.301408;0.292022;0.282571;0.273052;0.263463;0.253802;0.244063;0.234247;0.224348;0.214366;0.204299;0.194144;0.183901;0.17357;0.163151;0.152644;0.142049;0.131369;0.120604;0.109756;0.0988271;0.0878177;0.0767296;0.0655636;0.0543203;0.043;0.0316022;0.0201262;0.00857072;-0.00306599;-0.0147861;-0.026592;-0.0384864;-0.0504723;-0.0625524;-0.0747297;-0.0870069;-0.0993862;-0.11187;-0.124459;-0.137156;-0.149961;-0.162873;-0.175893;-0.189021;-0.202254;-0.215592;-0.229033;-0.242576;-0.256219;-0.26996;-0.283799;-0.297734;-0.311766;-0.325893;-0.340117;-0.354439;-0.368859;-0.38338;-0.398004;-0.412734;-0.427572;-0.44252
0.581683;0.564281;0.555521;0.546724;0.537891;0.529021;0.520115;0.511173;0.502194;0.493176;0.484117;0.475016;0.465871;0.456677;0.447434;0.438138;0.428785;0.419375;0.409904;0.40037;0.390772;0.38111;0.371381;0.361587;0.351726;0.341801;0.331812;0.32176;0.311647;0.301474;0.291242;0.280953;0.270608;0.260208;0.249752;0.239242;0.228675;0.218052;0.207371;0.196629;0.185826;0.174957;0.164021;0.153015;0.141936;0.130782;0.119549;0.108237;0.0968425;0.0853651;0.0738037;0.062158;0.0504281;0.0386145;0.0267179;0.0147397;0.00268107;-0.00945636;-0.0216711;-0.0339618;-0.0463271;-0.0587662;-0.0712782;-0.0838632;-0.0965212;-0.109253;-0.12206;-0.134943;-0.147905;-0.160947;-0.174073;-0.187284;-0.200584;-0.213976;-0.227461;-0.241042;-0.25472;-0.268498;-0.282376;-0.296355;-0.310435;-0.324616;-0.338896;-0.353275;-0.367751;-0.382324;-0.39699;-0.41175;-0.4266;-0.441541;-0.45657;-0.471689;-0.486895;-0.50219;-0.517575;-0.533051;-0.548619;-0.564281;-0.58004;-0.595898;-0.611858
0.540302;0.520493;0.51053;0.500529;0.490492;0.480418;0.470309;0.460163;0.449981;0.43976;0.429499;0.419197;0.408851;0.398459;0.388018;0.377525;0.366978;0.356375;0.345713;0.334991;0.324208;0.313362;0.302452;0.29148;0.280444;0.269347;0.258188;0.246969;0.235692;0.224358;0.212968;0.201524;0.190027;0.178477;0.166875;0.155221;0.143515;0.131755;0.11994;0.108069;0.0961395;0.0841491;0.0720955;0.0599762;0.0477886;0.0355303;0.0231992;0.0107932;-0.00168905;-0.0142488;-0.0268868;-0.0396034;-0.0523982;-0.0652708;-0.0782203;-0.0912454;-0.104345;-0.117517;-0.13076;-0.144073;-0.157455;-0.170904;-0.18442;-0.198002;-0.21165;-0.225366;-0.23915;-0.253004;-0.266928;-0.280926;-0.295;-0.309152;-0.323384;-0.337698;-0.352098;-0.366585;-0.381161;-0.395826;-0.410583;-0.425431;-0.44037;-0.455399;-0.470519;-0.485728;-0.501023;-0.516405;-0.531871;-0.547419;-0.563049;-0.578757;-0.594545;-0.610411;-0.626354;-0.642375;-0.658475;-0.674654;-0.690914;-0.707257;-0.723685;-0.740199;-0.756802
0.497571;0.475879;0.464975;0.454033;0.443055;0.43204;0.42099;0.409905;0.398782;0.387623;0.376424;0.365185;0.353903;0.342577;0.331203;0.31978;0.308305;0.296775;0.285191;0.273548;0.261847;0.250087;0.238267;0.226386;0.214447;0.202449;0.190393;0.178281;0.166114;0.153894;0.141622;0.129299;0.116928;0.104507;0.0920389;0.0795225;0.0669579;0.0543443;0.0416805;0.0289651;0.0161963;0.00337196;-0.0095101;-0.0224522;-0.0354565;-0.0485254;-0.0616607;-0.0748641;-0.088137;-0.10148;-0.114895;-0.12838;-0.141937;-0.155564;-0.16926;-0.183024;-0.196854;-0.21075;-0.224709;-0.238729;-0.25281;-0.266951;-0.28115;-0.295407;-0.309723;-0.324097;-0.33853;-0.353024;-0.36758;-0.3822;-0.396886;-0.411639;-0.426463;-0.44136;-0.45633;-0.471377;-0.486501;-0.501704;-0.516986;-0.532347;-0.547788;-0.563308;-0.578905;-0.594579;-0.610328;-0.62615;-0.642043;-0.658007;-0.674039;-0.690138;-0.706302;-0.722531;-0.738825;-0.755184;-0.771607;-0.788096;-0.804651;-0.821275;-0.83797;-0.854736;-0.871576
0.453596;0.430656;0.419128;0.407562;0.39596;0.384322;0.372649;0.36094;0.349196;0.337415;0.325597;0.313739;0.30184;0.289898;0.277911;0.265876;0.253793;0.241658;0.229471;0.217229;0.204932;0.192579;0.18017;0.167705;0.155185;0.14261;0.129982;0.117301;0.104571;0.0917912;0.0789644;0.0660916;0.0531742;0.0402129;0.0272084;0.0141611;0.00107058;-0.0120635;-0.0252422;-0.0384668;-0.0517388;-0.0650601;-0.0784325;-0.0918582;-0.105339;-0.118877;-0.132475;-0.146132;-0.159851;-0.173632;-0.187476;-0.201383;-0.215352;-0.229382;-0.243473;-0.257623;-0.27183;-0.286093;-0.30041;-0.31478;-0.329201;-0.343671;-0.358191;-0.372759;-0.387375;-0.40204;-0.416753;-0.431517;-0.446332;-0.4612;-0.476122;-0.491101;-0.506138;-0.521235;-0.536395;-0.551617;-0.566905;-0.582257;-0.597676;-0.61316;-0.628711;-0.644326;-0.660004;-0.675745;-0.691547;-0.707408;-0.723326;-0.7393;-0.755327;-0.771406;-0.787536;-0.803716;-0.819945;-0.836223;-0.85255;-0.868928;-0.885356;-0.901836;-0.918369;-0.934957;-0.951602
0.408487;0.385019;0.373225;0.361395;0.349528;0.337626;0.325689;0.313718;0.301711;0.289669;0.27759;0.265474;0.253318;0.241121;0.228881;0.216597;0.204265;0.191886;0.179457;0.166978;0.154447;0.141864;0.129229;0.116542;0.103804;0.0910167;0.0781803;0.0652966;0.0523673;0.0393941;0.0263785;0.0133221;0.000226148;-0.0129082;-0.0260803;-0.0392897;-0.0525363;-0.0658206;-0.0791432;-0.0925053;-0.105908;-0.119353;-0.132842;-0.146377;-0.159959;-0.173591;-0.187272;-0.201006;-0.214793;-0.228633;-0.242526;-0.256473;-0.270472;-0.284523;-0.298625;-0.312776;-0.326974;-0.341218;-0.355506;-0.369836;-0.384207;-0.398617;-0.413065;-0.427551;-0.442074;-0.456635;-0.471233;-0.485869;-0.500544;-0.515261;-0.530019;-0.544821;-0.559668;-0.574563;-0.589505;-0.604497;-0.61954;-0.634634;-0.649779;-0.664975;-0.680222;-0.695519;-0.710864;-0.726256;-0.741693;-0.757174;-0.772697;-0.788258;-0.803858;-0.819493;-0.835163;-0.850866;-0.866603;-0.882371;-0.898172;-0.914005;-0.929871;-0.945772;-0.961708;-0.97768;-0.993691
0.362358;0.339136;0.327466;0.315759;0.304015;0.292237;0.280424;0.268577;0.256696;0.24478;0.232829;0.220841;0.208816;0.196752;0.184647;0.1725;0.16031;0.148074;0.135793;0.123464;0.111087;0.0986631;0.086191;0.0736717;0.0611059;0.0484949;0.0358399;0.0231427;0.010405;-0.00237156;-0.0151852;-0.0280342;-0.0409172;-0.0538329;-0.0667806;-0.0797595;-0.0927696;-0.105811;-0.118884;-0.131989;-0.145129;-0.158303;-0.171513;-0.184761;-0.198049;-0.211377;-0.224747;-0.23816;-0.251616;-0.265116;-0.27866;-0.292247;-0.305878;-0.319549;-0.333261;-0.347012;-0.360799;-0.374622;-0.388478;-0.402365;-0.416281;-0.430226;-0.444198;-0.458196;-0.47222;-0.486269;-0.500343;-0.514443;-0.528571;-0.542726;-0.55691;-0.571124;-0.58537;-0.599649;-0.613962;-0.62831;-0.642694;-0.657114;-0.67157;-0.686062;-0.700589;-0.71515;-0.729744;-0.744369;-0.759022;-0.773703;-0.788409;-0.803138;-0.817888;-0.832657;-0.847444;-0.862247;-0.877065;-0.891899;-0.906747;-0.921609;-0.936487;-0.95138;-0.96629;-0.981218;-0.996165
0.315322;0.29315;0.282004;0.270821;0.259602;0.248348;0.23706;0.225738;0.214382;0.202993;0.19157;0.180112;0.168619;0.157088;0.145518;0.133909;0.12226;0.110568;0.0988336;0.0870556;0.0752338;0.0633682;0.051459;0.039507;0.0275132;0.0154788;0.00340534;-0.00870537;-0.0208515;-0.0330313;-0.0452427;-0.0574841;-0.0697539;-0.0820507;-0.0943735;-0.106722;-0.119094;-0.131492;-0.143915;-0.156363;-0.168838;-0.18134;-0.19387;-0.206431;-0.219022;-0.231646;-0.244302;-0.256992;-0.269717;-0.282475;-0.295268;-0.308094;-0.320953;-0.333843;-0.346763;-0.359711;-0.372686;-0.385685;-0.398705;-0.411747;-0.424807;-0.437883;-0.450975;-0.464082;-0.477203;-0.490337;-0.503484;-0.516645;-0.52982;-0.54301;-0.556216;-0.569438;-0.582679;-0.595938;-0.609218;-0.622517;-0.635838;-0.64918;-0.662543;-0.675926;-0.689329;-0.70275;-0.716187;-0.72964;-0.743106;-0.756582;-0.770067;-0.783558;-0.797054;-0.810552;-0.824051;-0.83755;-0.851046;-0.86454;-0.878031;-0.891519;-0.905004;-0.918486;-0.931966;-0.945446;-0.958924
0.267499;0.247174;0.236951;0.22669;0.216394;0.206062;0.195696;0.185298;0.174866;0.164402;0.153904;0.143373;0.132808;0.122207;0.11157;0.100896;0.0901836;0.0794322;0.0686412;0.0578101;0.0469388;0.0360276;0.0250768;0.0140874;0.00306059;-0.00800229;-0.0190995;-0.0302292;-0.0413895;-0.0525783;-0.0637937;-0.0750338;-0.0862968;-0.0975813;-0.108886;-0.12021;-0.131553;-0.142915;-0.154294;-0.165693;-0.177111;-0.18855;-0.200009;-0.211491;-0.222995;-0.234523;-0.246076;-0.257653;-0.269256;-0.280884;-0.292536;-0.304212;-0.315911;-0.327632;-0.339372;-0.35113;-0.362904;-0.374692;-0.386491;-0.3983;-0.410117;-0.42194;-0.433768;-0.445599;-0.457432;-0.469267;-0.481103;-0.492942;-0.504782;-0.516624;-0.52847;-0.540319;-0.552173;-0.564033;-0.575898;-0.58777;-0.599649;-0.611535;-0.623426;-0.635324;-0.647225;-0.65913;-0.671036;-0.682942;-0.694845;-0.706744;-0.718635;-0.730517;-0.742388;-0.754244;-0.766086;-0.77791;-0.789716;-0.801503;-0.813271;-0.825017;-0.836744;-0.848451;-0.860138;-0.871805;-0.883455
0.219007;0.20129;0.192371;0.183413;0.174419;0.16539;0.156327;0.147231;0.138102;0.128942;0.119749;0.110523;0.101265;0.0919726;0.0826461;0.0732844;0.0638869;0.054453;0.0449823;0.0354746;0.0259299;0.0163488;0.0067319;-0.00291979;-0.0126049;-0.022322;-0.0320691;-0.0418443;-0.0516456;-0.0614708;-0.0713179;-0.0811847;-0.0910696;-0.100971;-0.110887;-0.120817;-0.130761;-0.140717;-0.150685;-0.160667;-0.170661;-0.180669;-0.19069;-0.200727;-0.210779;-0.220847;-0.230932;-0.241034;-0.251152;-0.261286;-0.271437;-0.281602;-0.291782;-0.301973;-0.312175;-0.322385;-0.332602;-0.342822;-0.353045;-0.363268;-0.373488;-0.383704;-0.393914;-0.404118;-0.414313;-0.4245;-0.434677;-0.444844;-0.455002;-0.465152;-0.475292;-0.485424;-0.495549;-0.505667;-0.515778;-0.525882;-0.535981;-0.546072;-0.556156;-0.566233;-0.576299;-0.586355;-0.596399;-0.606427;-0.616439;-0.626432;-0.636403;-0.646351;-0.656272;-0.666165;-0.676028;-0.685859;-0.695656;-0.70542;-0.715148;-0.72484;-0.734496;-0.744117;-0.753701;-0.76325;-0.772764
0.169967;0.155554;0.148285;0.140978;0.133634;0.126254;0.11884;0.111393;0.103914;0.0964025;0.0888597;0.0812851;0.0736786;0.0660396;0.0583677;0.0506623;0.0429231;0.0351497;0.0273418;0.0194996;0.0116233;0.0037135;-0.00422893;-0.0122028;-0.0202067;-0.0282389;-0.0362975;-0.0443804;-0.0524854;-0.0606104;-0.0687531;-0.0769114;-0.0850835;-0.0932675;-0.101462;-0.109666;-0.117878;-0.126097;-0.134324;-0.142558;-0.1508;-0.159049;-0.167306;-0.175572;-0.183846;-0.19213;-0.200424;-0.208726;-0.217039;-0.22536;-0.233689;-0.242026;-0.250368;-0.258714;-0.267062;-0.275411;-0.283757;-0.292099;-0.300435;-0.308761;-0.317077;-0.32538;-0.333668;-0.341939;-0.350194;-0.35843;-0.366648;-0.374846;-0.383025;-0.391184;-0.399325;-0.407447;-0.415551;-0.423637;-0.431705;-0.439756;-0.447788;-0.455802;-0.463797;-0.471772;-0.479726;-0.487656;-0.495562;-0.503441;-0.51129;-0.519108;-0.526892;-0.53464;-0.542348;-0.550016;-0.557641;-0.565221;-0.572754;-0.58024;-0.587678;-0.595067;-0.602406;-0.609695;-0.616935;-0.624126;-0.631267
0.120503;0.109995;0.104677;0.0993204;0.0939257;0.0884951;0.08303;0.0775315;0.0720007;0.066438;0.0608438;0.0552183;0.0495614;0.0438729;0.0381525;0.0324;0.026615;0.0207975;0.0149474;0.00906497;0.00315071;-0.00279468;-0.00877017;-0.0147745;-0.020806;-0.0268629;-0.0329433;-0.039045;-0.0451656;-0.051303;-0.0574549;-0.063619;-0.0697934;-0.0759762;-0.0821658;-0.0883609;-0.0945603;-0.100763;-0.10697;-0.113178;-0.11939;-0.125605;-0.131822;-0.138043;-0.144268;-0.150496;-0.156728;-0.162963;-0.169202;-0.175444;-0.181687;-0.187931;-0.194174;-0.200414;-0.206649;-0.212878;-0.219098;-0.225307;-0.231502;-0.237681;-0.243842;-0.249983;-0.256101;-0.262196;-0.268267;-0.274311;-0.280329;-0.28632;-0.292283;-0.298219;-0.304128;-0.310009;-0.315863;-0.321691;-0.327491;-0.333265;-0.339011;-0.344729;-0.350419;-0.356079;-0.361707;-0.367303;-0.372864;-0.378388;-0.383872;-0.389315;-0.394713;-0.400065;-0.405369;-0.41062;-0.415819;-0.420963;-0.426049;-0.431078;-0.436048;-0.440959;-0.445808;-0.450598;-0.455327;-0.459995;-0.464602
0.0707372;0.0646185;0.061494;0.058329;0.0551255;0.0518853;0.0486099;0.0453007;0.0419585;0.0385843;0.0351784;0.0317412;0.0282728;0.0247731;0.0212421;0.0176797;0.0140857;0.0104603;0.00680348;0.00311577;-0.000602261;-0.00434975;-0.00812556;-0.0119283;-0.0157563;-0.0196077;-0.0234804;-0.0273722;-0.0312809;-0.035204;-0.0391392;-0.0430844;-0.0470374;-0.0509963;-0.0549594;-0.0589253;-0.0628929;-0.0668611;-0.0708294;-0.0747974;-0.0787647;-0.0827315;-0.0866976;-0.0906633;-0.0946285;-0.0985934;-0.102558;-0.106521;-0.110483;-0.114444;-0.118401;-0.122354;-0.126301;-0.13024;-0.13417;-0.138087;-0.141991;-0.145878;-0.149747;-0.153594;-0.157418;-0.161216;-0.164987;-0.168729;-0.172441;-0.176121;-0.179769;-0.183384;-0.186966;-0.190514;-0.194029;-0.197511;-0.200958;-0.204373;-0.207754;-0.211101;-0.214413;-0.217691;-0.220933;-0.224138;-0.227305;-0.230431;-0.233515;-0.236555;-0.239548;-0.242492;-0.245385;-0.248224;-0.251007;-0.253731;-0.256394;-0.258995;-0.261532;-0.264004;-0.26641;-0.268748;-0.271018;-0.27322;-0.275354;-0.277419;-0.279415
0.0207948;0.0194124;0.0186544;0.0178548;0.0170156;0.0161387;0.0152257;0.014278;0.0132967;0.0122826;0.0112363;0.0101583;0.00904882;0.00790794;0.00673571;0.00553219;0.00429744;0.00303162;0.00173505;0.000408218;-0.000948152;-0.0023331;-0.00374543;-0.00518365;-0.00664606;-0.00813075;-0.0096356;-0.0111584;-0.0126968;-0.0142484;-0.015811;-0.0173822;-0.0189599;-0.0205423;-0.0221275;-0.023714;-0.0253007;-0.0268865;-0.0284707;-0.0300527;-0.0316323;-0.0332092;-0.0347834;-0.0363548;-0.0379233;-0.039489;-0.0410515;-0.0426104;-0.0441653;-0.0457151;-0.047259;-0.0487954;-0.0503229;-0.0518397;-0.0533436;-0.0548326;-0.0563043;-0.0577564;-0.0591866;-0.0605924;-0.0619717;-0.0633223;-0.0646425;-0.0659306;-0.0671851;-0.0684049;-0.0695891;-0.070737;-0.0718481;-0.0729222;-0.0739591;-0.0749588;-0.0759211;-0.076846;-0.0777333;-0.0785826;-0.0793935;-0.0801652;-0.0808969;-0.0815872;-0.0822346;-0.0828376;-0.0833941;-0.0839019;-0.084359;-0.0847627;-0.0851109;-0.085401;-0.0856307;-0.0857979;-0.0859004;-0.0859366;-0.0859048;-0.0858036;-0.0856319;-0.085389;-0.0850742;-0.084687;-0.0842273;-0.0836948;-0.0830894
-0.0291995;-0.0256489;-0.0239423;-0.0222785;-0.0206554;-0.0190712;-0.0175243;-0.0160133;-0.0145369;-0.0130943;-0.0116848;-0.0103079;-0.00896326;-0.00765062;-0.00636985;-0.00512083;-0.00390337;-0.00271722;-0.00156197;-0.000437056;0.000658316;0.00172516;0.00276473;0.00377852;0.00476827;0.0057359;0.00668351;0.00761332;0.00852767;0.00942887;0.0103193;0.0112011;0.0120764;0.0129472;0.0138153;0.0146821;0.0155489;0.0164168;0.0172866;0.0181588;0.0190339;0.0199121;0.0207936;0.0216785;0.022567;0.0234592;0.0243554;0.0252561;0.026162;0.0270739;0.0279929;0.0289204;0.0298579;0.0308073;0.0317706;0.0327498;0.0337474;0.0347655;0.0358065;0.0368728;0.0379664;0.0390895;0.0402438;0.0414311;0.0426528;0.0439099;0.0452035;0.0465343;0.0479027;0.049309;0.0507536;0.0522365;0.0537578;0.0553178;0.0569165;0.0585544;0.0602321;0.0619502;0.0637097;0.0655118;0.067358;0.06925;0.0711896;0.0731789;0.0752201;0.0773156;0.0794675;0.0816783;0.0839502;0.0862853;0.0886856;0.0911528;0.0936885;0.096294;0.0989703;0.101718;0.104539;0.107432;0.110398;0.113437;0.116549
-0.0791209;-0.0705992;-0.0664089;-0.0622627;-0.0581586;-0.0540948;-0.0500697;-0.0460817;-0.0421298;-0.0382131;-0.0343307;-0.0304821;-0.026667;-0.022885;-0.0191361;-0.0154198;-0.0117361;-0.00808464;-0.00446491;-0.00087632;0.00268193;0.00621088;0.0097118;0.0131862;0.0166357;0.0200622;0.0234679;0.0268549;0.0302255;0.0335819;0.0369264;0.0402612;0.0435884;0.0469099;0.0502274;0.0535424;0.0568562;0.0601699;0.0634841;0.0667997;0.070117;0.0734362;0.0767577;0.0800816;0.083408;0.0867372;0.0900696;0.0934056;0.0967458;0.100091;0.103443;0.106802;0.11017;0.11355;0.116942;0.120349;0.123773;0.127216;0.130681;0.13417;0.137685;0.141228;0.1448;0.148404;0.15204;0.15571;0.159415;0.163155;0.166932;0.170744;0.174593;0.178479;0.182401;0.18636;0.190357;0.19439;0.198462;0.202573;0.206723;0.210914;0.215148;0.219425;0.223748;0.228118;0.232538;0.23701;0.241536;0.246118;0.250759;0.25546;0.260223;0.265051;0.269943;0.274903;0.27993;0.285025;0.290189;0.295423;0.300726;0.306099;0.311541
-0.128844;-0.115474;-0.108861;-0.102294;-0.0957697;-0.0892876;-0.0828457;-0.0764427;-0.0700773;-0.0637486;-0.057456;-0.0511988;-0.0449767;-0.0387893;-0.0326366;-0.0265181;-0.0204337;-0.014383;-0.00836564;-0.00238095;0.00357187;0.00949383;0.0153861;0.0212503;0.0270878;0.0329007;0.0386908;0.0444603;0.0502113;0.0559461;0.0616668;0.0673755;0.0730743;0.0787649;0.084449;0.0901281;0.0958034;0.101476;0.107146;0.112815;0.118484;0.124151;0.129818;0.135485;0.141151;0.146818;0.152485;0.158154;0.163823;0.169495;0.175171;0.180851;0.186538;0.192232;0.197936;0.203652;0.209382;0.215128;0.220891;0.226675;0.232481;0.238311;0.244167;0.25005;0.255962;0.261903;0.267875;0.273878;0.279913;0.285979;0.292078;0.298209;0.304372;0.310567;0.316796;0.323057;0.329351;0.33568;0.342044;0.348444;0.354881;0.361356;0.367873;0.374431;0.381034;0.387683;0.394381;0.401129;0.407929;0.414784;0.421694;0.428662;0.435689;0.442776;0.449924;0.457133;0.464404;0.471738;0.479134;0.486592;0.494113
-0.178246;-0.160304;-0.151408;-0.142558;-0.133753;-0.124992;-0.116272;-0.107594;-0.0989542;-0.0903534;-0.0817906;-0.0732652;-0.0647769;-0.0563253;-0.0479103;-0.0395317;-0.0311892;-0.0228826;-0.0146114;-0.00637504;0.0018272;0.00999628;0.0181334;0.0262398;0.0343171;0.0423671;0.0503916;0.0583926;0.0663721;0.0743323;0.0822751;0.0902026;0.0981166;0.106019;0.113911;0.121794;0.12967;0.137539;0.145402;0.153259;0.161112;0.168959;0.176802;0.184641;0.192475;0.200305;0.208131;0.215954;0.223774;0.231591;0.239408;0.247225;0.255043;0.262864;0.27069;0.278522;0.286363;0.294214;0.302078;0.309956;0.31785;0.325763;0.333695;0.341648;0.349623;0.357622;0.365644;0.373691;0.381762;0.389859;0.397981;0.406128;0.414301;0.422499;0.430723;0.438972;0.447247;0.455549;0.463879;0.472237;0.480625;0.489043;0.497494;0.505979;0.514499;0.523058;0.531656;0.540296;0.548979;0.557707;0.566481;0.575303;0.584175;0.593096;0.602068;0.611092;0.620167;0.629294;0.638473;0.647704;0.656987
-0.227202;-0.205112;-0.194143;-0.183222;-0.172348;-0.161519;-0.150733;-0.13999;-0.129288;-0.118627;-0.108006;-0.097425;-0.0868831;-0.0763802;-0.0659163;-0.0554913;-0.045105;-0.034757;-0.0244472;-0.014175;-0.00393965;0.00625958;0.0164238;0.0265542;0.0366522;0.0467194;0.0567576;0.0667686;0.0767543;0.0867165;0.0966573;0.106578;0.116482;0.126368;0.13624;0.146098;0.155944;0.165778;0.1756;0.185412;0.195213;0.205004;0.214785;0.224556;0.234317;0.244068;0.25381;0.263542;0.273265;0.28298;0.292688;0.302389;0.312085;0.321778;0.331468;0.341159;0.35085;0.360545;0.370245;0.379951;0.389666;0.399391;0.409128;0.418877;0.42864;0.438417;0.44821;0.458019;0.467843;0.477683;0.48754;0.497413;0.507302;0.517206;0.527127;0.537064;0.547018;0.556988;0.566975;0.576981;0.587007;0.597052;0.60712;0.61721;0.627326;0.637468;0.647638;0.657838;0.668069;0.678333;0.688632;0.698966;0.709336;0.719744;0.730189;0.740673;0.751195;0.761756;0.772355;0.782993;0.793668
-0.27559;-0.249903;-0.237137;-0.224421;-0.211753;-0.199131;-0.186555;-0.174023;-0.161534;-0.149089;-0.136686;-0.124324;-0.112005;-0.0997275;-0.0874915;-0.0752971;-0.0631443;-0.0510329;-0.0389626;-0.0269331;-0.0149439;-0.00299415;0.00891698;0.0207906;0.0326279;0.0444305;0.0561997;0.0679374;0.0796451;0.0913247;0.102978;0.114606;0.126211;0.137795;0.149357;0.1609;0.172425;0.183932;0.195421;0.206893;0.218349;0.229787;0.241209;0.252614;0.264003;0.275374;0.286729;0.298067;0.309389;0.320695;0.331987;0.343264;0.354529;0.365782;0.377024;0.388258;0.399484;0.410705;0.421921;0.433135;0.444348;0.455562;0.466777;0.477995;0.489217;0.500443;0.511673;0.522909;0.53415;0.545396;0.556648;0.567904;0.579165;0.590431;0.601701;0.612976;0.624256;0.63554;0.64683;0.658126;0.669428;0.680739;0.692058;0.703388;0.714729;0.726083;0.737452;0.748837;0.760239;0.771659;0.783099;0.79456;0.806042;0.817547;0.829074;0.840623;0.852195;0.86379;0.875408;0.887047;0.898708
-0.32329;-0.294664;-0.280431;-0.266248;-0.252115;-0.238029;-0.223991;-0.209999;-0.196053;-0.182152;-0.168295;-0.154483;-0.140715;-0.126992;-0.113313;-0.0996791;-0.0860897;-0.0725448;-0.0590445;-0.0455885;-0.0321763;-0.0188075;-0.00548119;0.00780343;0.0210475;0.0342522;0.0474189;0.0605492;0.0736444;0.0867061;0.0997358;0.112735;0.125705;0.138647;0.151562;0.164451;0.177315;0.190155;0.20297;0.21576;0.228527;0.241269;0.253988;0.266681;0.279351;0.291995;0.304615;0.31721;0.32978;0.342327;0.35485;0.36735;0.379828;0.392285;0.404722;0.417141;0.429543;0.441929;0.454301;0.46666;0.479007;0.491344;0.503671;0.51599;0.528301;0.540605;0.552901;0.565191;0.577473;0.589749;0.602017;0.614278;0.626531;0.638775;0.651011;0.663239;0.675457;0.687668;0.69987;0.712064;0.724251;0.736431;0.748606;0.760776;0.772943;0.785108;0.797272;0.809436;0.821602;0.83377;0.845941;0.858117;0.870297;0.882482;0.894673;0.906869;0.91907;0.931276;0.943487;0.955701;0.96792
-0.370181;-0.339358;-0.324027;-0.308747;-0.293518;-0.278339;-0.263208;-0.248125;-0.23309;-0.218102;-0.203161;-0.188267;-0.173421;-0.158621;-0.143869;-0.129164;-0.114508;-0.0998988;-0.0853381;-0.0708253;-0.0563603;-0.0419426;-0.0275716;-0.0132466;0.00103316;0.0152688;0.0294615;0.0436124;0.0577229;0.0717942;0.0858277;0.0998245;0.113786;0.127713;0.141606;0.155466;0.169294;0.18309;0.196854;0.210586;0.224287;0.237955;0.251591;0.265194;0.278765;0.292302;0.305805;0.319276;0.332712;0.346116;0.359486;0.372824;0.386131;0.399406;0.412652;0.425869;0.439058;0.45222;0.465357;0.47847;0.49156;0.504627;0.517673;0.530698;0.543703;0.556689;0.569654;0.582599;0.595525;0.60843;0.621314;0.634178;0.647019;0.659839;0.672636;0.685411;0.698162;0.71089;0.723595;0.736278;0.748938;0.761576;0.774193;0.78679;0.799367;0.811926;0.824468;0.836993;0.849502;0.861997;0.874478;0.886945;0.899399;0.911839;0.924267;0.936682;0.949083;0.961471;0.973844;0.986201;0.998543
-0.416147;-0.38392;-0.367887;-0.351907;-0.335978;-0.3201;-0.304272;-0.288494;-0.272766;-0.257086;-0.241456;-0.225875;-0.210344;-0.194863;-0.179432;-0.164051;-0.148722;-0.133444;-0.118218;-0.103043;-0.0879193;-0.0728473;-0.0578263;-0.0428558;-0.0279351;-0.0130634;0.0017603;0.0165369;0.0312674;0.045953;0.0605948;0.0751936;0.0897505;0.104266;0.118741;0.133176;0.147572;0.161928;0.176244;0.190521;0.204758;0.218955;0.233111;0.247225;0.261299;0.27533;0.289318;0.303265;0.317168;0.331029;0.344846;0.358622;0.372356;0.386049;0.399701;0.413313;0.426887;0.440423;0.453923;0.467386;0.480814;0.494208;0.507568;0.520895;0.534189;0.547449;0.560677;0.573872;0.587033;0.60016;0.613253;0.626311;0.639332;0.652318;0.665266;0.678177;0.69105;0.703885;0.716682;0.729441;0.742161;0.754844;0.76749;0.780099;0.792673;0.805211;0.817715;0.830185;0.842622;0.855027;0.8674;0.879741;0.89205;0.904328;0.916575;0.928789;0.940971;0.953119;0.965234;0.977314;0.989358
-0.461073;-0.428257;-0.41193;-0.395656;-0.379434;-0.363265;-0.347147;-0.331079;-0.315063;-0.299098;-0.283184;-0.267322;-0.251511;-0.235753;-0.220048;-0.204396;-0.188799;-0.173256;-0.157768;-0.142334;-0.126957;-0.111634;-0.0963667;-0.081154;-0.0659956;-0.050891;-0.0358395;-0.0208402;-0.00589238;0.00900482;0.0238522;0.0386506;0.0534006;0.0681029;0.0827578;0.0973657;0.111927;0.126441;0.140908;0.155327;0.169699;0.184023;0.198297;0.212522;0.226697;0.240821;0.254893;0.268914;0.282883;0.2968;0.310664;0.324477;0.338237;0.351946;0.365604;0.379212;0.39277;0.40628;0.419741;0.433154;0.446521;0.459841;0.473115;0.486343;0.499525;0.512662;0.525753;0.538797;0.551795;0.564745;0.577646;0.590499;0.603302;0.616054;0.628755;0.641403;0.654;0.666543;0.679033;0.69147;0.703853;0.716183;0.72846;0.740684;0.752857;0.764977;0.777046;0.789065;0.801034;0.812952;0.824821;0.836641;0.84841;0.860131;0.871801;0.88342;0.894988;0.906504;0.917967;0.929376;0.940731
-0.504846;-0.472247;-0.456029;-0.439864;-0.423751;-0.407692;-0.391684;-0.375729;-0.359826;-0.343976;-0.328179;-0.312435;-0.296745;-0.281109;-0.265529;-0.250006;-0.234538;-0.219128;-0.203777;-0.188483;-0.173248;-0.158072;-0.142955;-0.127896;-0.112897;-0.0979549;-0.0830709;-0.0682441;-0.0534738;-0.0387595;-0.0241005;-0.00949637;0.00505342;0.0195492;0.0339913;0.0483796;0.0627143;0.076995;0.0912215;0.105393;0.11951;0.13357;0.147573;0.161519;0.175407;0.189235;0.203004;0.216712;0.23036;0.243946;0.257471;0.270935;0.284336;0.297677;0.310957;0.324176;0.337336;0.350435;0.363476;0.376458;0.389382;0.402247;0.415055;0.427806;0.440498;0.453133;0.465709;0.478226;0.490683;0.50308;0.515415;0.527689;0.539899;0.552045;0.564126;0.576141;0.588089;0.599971;0.611785;0.623531;0.635209;0.646819;0.658361;0.669835;0.681241;0.69258;0.703852;0.715057;0.726196;0.737268;0.748274;0.759214;0.770087;0.780893;0.791631;0.802302;0.812903;0.823435;0.833895;0.844284;0.854599
-0.547358;-0.515741;-0.500014;-0.484339;-0.468718;-0.45315;-0.437634;-0.422172;-0.406763;-0.391407;-0.376106;-0.36086;-0.345669;-0.330535;-0.315459;-0.30044;-0.28548;-0.270581;-0.255741;-0.240963;-0.226247;-0.211592;-0.197;-0.18247;-0.168002;-0.153597;-0.139253;-0.124971;-0.110749;-0.0965889;-0.0824887;-0.0684486;-0.0544682;-0.0405474;-0.0266862;-0.0128846;0.000857057;0.0145385;0.0281591;0.0417182;0.0552152;0.0686492;0.0820193;0.0953245;0.108564;0.121737;0.134842;0.147879;0.160847;0.173746;0.186575;0.199334;0.212023;0.224642;0.23719;0.249669;0.262079;0.274419;0.28669;0.298892;0.311026;0.323091;0.335088;0.347017;0.358876;0.370667;0.382387;0.394037;0.405616;0.417122;0.428556;0.439915;0.451198;0.462405;0.473535;0.484586;0.495558;0.506451;0.517262;0.527993;0.538642;0.54921;0.559696;0.5701;0.580422;0.590663;0.600823;0.610901;0.620898;0.630814;0.640649;0.650401;0.660072;0.669661;0.679166;0.688587;0.697923;0.707174;0.716337;0.725412;0.734397
-0.588501;-0.558563;-0.543673;-0.528836;-0.514053;-0.499322;-0.484644;-0.47002;-0.45545;-0.440935;-0.426474;-0.41207;-0.397722;-0.383432;-0.369201;-0.35503;-0.340919;-0.326871;-0.312885;-0.298962;-0.285103;-0.271309;-0.257579;-0.243915;-0.230316;-0.216783;-0.203315;-0.189911;-0.176573;-0.163299;-0.15009;-0.136946;-0.123866;-0.11085;-0.0978983;-0.0850117;-0.0721903;-0.0594345;-0.0467452;-0.0341229;-0.0215688;-0.0090836;0.00333153;0.0156756;0.0279475;0.0401463;0.0522709;0.0643206;0.0762944;0.0881919;0.100012;0.111756;0.123421;0.135009;0.146519;0.157951;0.169305;0.180581;0.19178;0.202902;0.213946;0.224913;0.235802;0.246613;0.257346;0.268;0.278574;0.289067;0.29948;0.30981;0.320056;0.330218;0.340294;0.350283;0.360184;0.369995;0.379717;0.389347;0.398886;0.408333;0.417686;0.426947;0.436114;0.445188;0.454168;0.463054;0.471847;0.480546;0.489151;0.497662;0.506079;0.514401;0.522628;0.530759;0.538794;0.546731;0.55457;0.56231;0.569948;0.577484;0.584917
-0.628174;-0.600512;-0.586759;-0.573059;-0.559411;-0.545817;-0.532275;-0.518786;-0.505352;-0.491972;-0.478648;-0.465381;-0.452171;-0.43902;-0.425928;-0.412898;-0.399929;-0.387024;-0.374182;-0.361405;-0.348694;-0.336049;-0.323471;-0.310961;-0.298517;-0.286142;-0.273834;-0.261595;-0.249423;-0.237319;-0.225282;-0.213314;-0.201414;-0.189581;-0.177817;-0.166122;-0.154496;-0.14294;-0.131455;-0.120042;-0.108701;-0.0974338;-0.0862417;-0.0751257;-0.0640868;-0.0531263;-0.0422452;-0.0314444;-0.0207248;-0.0100873;0.00046749;0.0109391;0.0213271;0.0316311;0.0418511;0.0519868;0.0620381;0.0720052;0.0818878;0.0916859;0.1014;0.111028;0.120572;0.13003;0.139402;0.148688;0.157886;0.166996;0.176016;0.184945;0.193783;0.202528;0.211179;0.219734;0.228193;0.236554;0.244816;0.252978;0.26104;0.269;0.276859;0.284615;0.292269;0.299819;0.307267;0.314611;0.321852;0.328989;0.336022;0.342952;0.349776;0.356496;0.363111;0.369619;0.37602;0.382314;0.388498;0.394572;0.400534;0.406383;0.412118
-0.666276;-0.641371;-0.628995;-0.61667;-0.604397;-0.592177;-0.580008;-0.567893;-0.555832;-0.543825;-0.531874;-0.51998;-0.508143;-0.496365;-0.484647;-0.47299;-0.461396;-0.449865;-0.4384;-0.426999;-0.415666;-0.404399;-0.393201;-0.382071;-0.371009;-0.360018;-0.349095;-0.338242;-0.327459;-0.316746;-0.306102;-0.295529;-0.285026;-0.274594;-0.264233;-0.253943;-0.243726;-0.233581;-0.223511;-0.213515;-0.203596;-0.193753;-0.183988;-0.174304;-0.164699;-0.155177;-0.145738;-0.136383;-0.127113;-0.117929;-0.108832;-0.0998221;-0.0909;-0.0820662;-0.0733209;-0.0646644;-0.0560969;-0.0476185;-0.0392294;-0.0309298;-0.0227198;-0.0145999;-0.0065703;0.00136837;0.00921552;0.0169704;0.0246322;0.0321998;0.0396723;0.0470484;0.0543269;0.0615066;0.0685861;0.0755641;0.0824395;0.0892111;0.0958778;0.102439;0.108893;0.115239;0.121477;0.127607;0.133627;0.139538;0.145339;0.15103;0.156611;0.162081;0.167441;0.172689;0.177826;0.182851;0.187763;0.192562;0.197246;0.201815;0.206268;0.210603;0.214819;0.218915;0.22289
-0.702713;-0.680907;-0.670078;-0.6593;-0.648573;-0.637896;-0.627271;-0.616699;-0.606179;-0.595714;-0.585304;-0.574949;-0.564652;-0.554413;-0.544235;-0.534117;-0.524061;-0.514069;-0.504141;-0.494279;-0.484484;-0.474756;-0.465096;-0.455505;-0.445983;-0.43653;-0.427148;-0.417836;-0.408595;-0.399424;-0.390324;-0.381296;-0.372338;-0.363453;-0.35464;-0.3459;-0.337234;-0.328643;-0.320127;-0.311687;-0.303325;-0.295042;-0.286839;-0.278717;-0.270678;-0.262723;-0.254852;-0.247068;-0.239371;-0.231762;-0.224242;-0.216811;-0.209471;-0.202221;-0.195062;-0.187994;-0.181018;-0.174134;-0.167342;-0.160642;-0.154034;-0.14752;-0.141098;-0.134771;-0.128539;-0.122401;-0.11636;-0.110417;-0.104572;-0.0988259;-0.0931812;-0.0876385;-0.0821993;-0.0768647;-0.0716361;-0.0665146;-0.0615013;-0.0565972;-0.0518032;-0.0471201;-0.0425486;-0.0380892;-0.0337424;-0.0295086;-0.0253881;-0.0213812;-0.0174881;-0.0137091;-0.0100446;-0.00649483;-0.00306031;0.000258436;0.00346077;0.00654595;0.00951308;0.0123612;0.0150892;0.0176959;0.02018;0.0225403;0.0247754
-0.737394;-0.71888;-0.709695;-0.70056;-0.691473;-0.682437;-0.673451;-0.664515;-0.655632;-0.646802;-0.638026;-0.629304;-0.620639;-0.612032;-0.603483;-0.594994;-0.586566;-0.578201;-0.5699;-0.561663;-0.553493;-0.545388;-0.537352;-0.529383;-0.521483;-0.513652;-0.50589;-0.498198;-0.490577;-0.483025;-0.475545;-0.468135;-0.460797;-0.45353;-0.446336;-0.439214;-0.432167;-0.425194;-0.418297;-0.411476;-0.404733;-0.398069;-0.391485;-0.384982;-0.378562;-0.372227;-0.365976;-0.359812;-0.353734;-0.347745;-0.341846;-0.336035;-0.330315;-0.324686;-0.319149;-0.313703;-0.308348;-0.303086;-0.297917;-0.29284;-0.287856;-0.282965;-0.278169;-0.273467;-0.26886;-0.26435;-0.259936;-0.25562;-0.251403;-0.247286;-0.243271;-0.239358;-0.235549;-0.231845;-0.228247;-0.224757;-0.221376;-0.218104;-0.214942;-0.211892;-0.208953;-0.206127;-0.203413;-0.200813;-0.198326;-0.195954;-0.193695;-0.191551;-0.189521;-0.187606;-0.185807;-0.184124;-0.182557;-0.181107;-0.179776;-0.178564;-0.177472;-0.176501;-0.175652;-0.174927;-0.174327
-0.770231;-0.755048;-0.747526;-0.740051;-0.732624;-0.725246;-0.717916;-0.710635;-0.703405;-0.696226;-0.6891;-0.682027;-0.675009;-0.668046;-0.661141;-0.654294;-0.647507;-0.640781;-0.634116;-0.627515;-0.620978;-0.614506;-0.608099;-0.601759;-0.595486;-0.58928;-0.583142;-0.577073;-0.571072;-0.565139;-0.559276;-0.553482;-0.547759;-0.542105;-0.536522;-0.531011;-0.525573;-0.520207;-0.514915;-0.509699;-0.504558;-0.499495;-0.494511;-0.489606;-0.484783;-0.480042;-0.475384;-0.470811;-0.466323;-0.461921;-0.457607;-0.453381;-0.449243;-0.445194;-0.441235;-0.437365;-0.433585;-0.429896;-0.426297;-0.422789;-0.419373;-0.416047;-0.412814;-0.409674;-0.406627;-0.403673;-0.400815;-0.398053;-0.395387;-0.392819;-0.390351;-0.387982;-0.385715;-0.383551;-0.381491;-0.379535;-0.377686;-0.375943;-0.374308;-0.372781;-0.371363;-0.370055;-0.368857;-0.367768;-0.366791;-0.365924;-0.365168;-0.364523;-0.36399;-0.363568;-0.363259;-0.363062;-0.362978;-0.363009;-0.363153;-0.363413;-0.36379;-0.364283;-0.364895;-0.365627;-0.366479
-0.801144;-0.789173;-0.783255;-0.777382;-0.771555;-0.765774;-0.760041;-0.754354;-0.748717;-0.743129;-0.737591;-0.732104;-0.72667;-0.72129;-0.715965;-0.710696;-0.705484;-0.700331;-0.695237;-0.690204;-0.685233;-0.680324;-0.675478;-0.670696;-0.665978;-0.661325;-0.656738;-0.652215;-0.647759;-0.643369;-0.639045;-0.634788;-0.630598;-0.626475;-0.622421;-0.618435;-0.614519;-0.610673;-0.606898;-0.603194;-0.599565;-0.596009;-0.592529;-0.589125;-0.585799;-0.582551;-0.579384;-0.576297;-0.573293;-0.570371;-0.567532;-0.564778;-0.562108;-0.559523;-0.557024;-0.55461;-0.552283;-0.550042;-0.547887;-0.545819;-0.543838;-0.541944;-0.540138;-0.538421;-0.536792;-0.535253;-0.533804;-0.532446;-0.53118;-0.530008;-0.52893;-0.527946;-0.52706;-0.526271;-0.52558;-0.524989;-0.524498;-0.524108;-0.52382;-0.523635;-0.523553;-0.523575;-0.5237;-0.523929;-0.524263;-0.524701;-0.525244;-0.525892;-0.526645;-0.527502;-0.528466;-0.529535;-0.53071;-0.531992;-0.533382;-0.53488;-0.536486;-0.538203;-0.54003;-0.541969;-0.544021
-0.830054;-0.821029;-0.81658;-0.812176;-0.807815;-0.803498;-0.799227;-0.795;-0.79082;-0.786687;-0.782602;-0.778566;-0.77458;-0.770645;-0.766762;-0.762933;-0.759158;-0.755439;-0.751776;-0.74817;-0.744623;-0.741135;-0.737707;-0.734339;-0.731032;-0.727786;-0.724602;-0.721479;-0.718419;-0.715421;-0.712486;-0.709613;-0.706804;-0.704058;-0.701376;-0.698759;-0.696207;-0.69372;-0.691301;-0.688949;-0.686666;-0.684452;-0.682308;-0.680237;-0.678238;-0.676313;-0.674462;-0.672688;-0.670989;-0.669368;-0.667825;-0.66636;-0.664974;-0.663667;-0.66244;-0.661293;-0.660226;-0.659238;-0.658332;-0.657505;-0.65676;-0.656095;-0.655511;-0.655009;-0.65459;-0.654253;-0.653999;-0.65383;-0.653746;-0.653747;-0.653836;-0.654012;-0.654277;-0.654631;-0.655076;-0.655613;-0.656241;-0.656963;-0.657778;-0.658687;-0.659691;-0.660789;-0.661982;-0.66327;-0.664654;-0.666133;-0.667707;-0.669377;-0.671142;-0.673002;-0.674958;-0.67701;-0.679159;-0.681404;-0.683746;-0.686186;-0.688724;-0.691361;-0.694098;-0.696936;-0.699875
-0.856889;-0.850406;-0.847225;-0.844087;-0.84099;-0.837935;-0.834923;-0.831953;-0.829028;-0.826147;-0.823311;-0.820522;-0.817779;-0.815085;-0.812439;-0.809844;-0.8073;-0.804807;-0.802368;-0.799982;-0.79765;-0.795374;-0.793154;-0.790989;-0.788881;-0.78683;-0.784836;-0.7829;-0.781021;-0.779199;-0.777435;-0.77573;-0.774082;-0.772493;-0.770963;-0.769492;-0.768081;-0.76673;-0.76544;-0.764212;-0.763047;-0.761945;-0.760908;-0.759936;-0.759031;-0.758193;-0.757423;-0.756721;-0.756089;-0.755528;-0.755037;-0.754617;-0.754269;-0.753992;-0.753788;-0.753655;-0.753595;-0.753607;-0.753691;-0.753848;-0.754077;-0.754379;-0.754753;-0.755201;-0.755722;-0.756316;-0.756986;-0.75773;-0.75855;-0.759447;-0.760421;-0.761472;-0.762603;-0.763813;-0.765104;-0.766476;-0.767929;-0.769464;-0.771083;-0.772784;-0.774569;-0.776437;-0.778389;-0.780424;-0.782543;-0.784745;-0.787031;-0.7894;-0.791852;-0.794388;-0.797007;-0.799709;-0.802494;-0.805363;-0.808316;-0.811354;-0.814476;-0.817684;-0.820978;-0.824359;-0.827826
-0.881582;-0.877117;-0.874944;-0.87281;-0.870715;-0.86866;-0.866645;-0.864671;-0.862738;-0.860846;-0.858997;-0.857191;-0.855429;-0.853712;-0.85204;-0.850414;-0.848836;-0.847305;-0.845824;-0.844392;-0.843009;-0.841678;-0.840397;-0.839168;-0.837991;-0.836865;-0.835791;-0.83477;-0.8338;-0.832883;-0.832017;-0.831204;-0.830444;-0.829735;-0.82908;-0.828478;-0.827929;-0.827434;-0.826993;-0.826607;-0.826278;-0.826004;-0.825788;-0.82563;-0.825531;-0.825491;-0.825511;-0.825592;-0.825734;-0.825939;-0.826205;-0.826534;-0.826926;-0.82738;-0.827898;-0.828478;-0.829121;-0.829828;-0.830596;-0.831428;-0.832322;-0.833279;-0.834298;-0.835381;-0.836526;-0.837735;-0.839007;-0.840344;-0.841745;-0.843212;-0.844744;-0.846343;-0.848009;-0.849743;-0.851545;-0.853416;-0.855356;-0.857365;-0.859445;-0.861595;-0.863814;-0.866104;-0.868465;-0.870895;-0.873395;-0.875964;-0.878603;-0.881311;-0.884088;-0.886934;-0.889848;-0.892831;-0.895882;-0.899001;-0.902189;-0.905446;-0.908772;-0.912168;-0.915633;-0.919169;-0.922775
-0.904072;-0.901006;-0.899529;-0.898089;-0.896687;-0.895322;-0.893995;-0.892706;-0.891455;-0.890243;-0.88907;-0.887937;-0.886844;-0.885793;-0.884783;-0.883816;-0.882892;-0.882012;-0.881176;-0.880384;-0.879638;-0.878938;-0.878284;-0.877676;-0.877114;-0.876598;-0.876129;-0.875706;-0.875329;-0.874998;-0.874713;-0.874474;-0.874281;-0.874134;-0.874033;-0.873977;-0.873969;-0.874006;-0.874091;-0.874224;-0.874404;-0.874633;-0.874911;-0.875239;-0.875617;-0.876045;-0.876526;-0.877058;-0.877642;-0.878278;-0.878968;-0.87971;-0.880505;-0.881353;-0.882254;-0.883207;-0.884213;-0.885271;-0.886381;-0.887543;-0.888757;-0.890022;-0.891338;-0.892706;-0.894125;-0.895596;-0.897119;-0.898693;-0.90032;-0.901999;-0.903732;-0.905518;-0.907358;-0.909253;-0.911202;-0.913206;-0.915266;-0.917381;-0.919552;-0.921779;-0.924061;-0.926398;-0.928791;-0.931239;-0.933741;-0.936297;-0.938907;-0.94157;-0.944287;-0.947055;-0.949877;-0.95275;-0.955675;-0.958651;-0.961679;-0.964759;-0.96789;-0.971074;-0.974309;-0.977596;-0.980936
-0.924302;-0.921945;-0.920819;-0.919729;-0.918674;-0.917655;-0.91667;-0.915721;-0.914808;-0.913931;-0.913089;-0.912284;-0.911516;-0.910786;-0.910093;-0.909439;-0.908824;-0.908248;-0.907711;-0.907215;-0.906759;-0.906344;-0.905969;-0.905635;-0.905341;-0.905088;-0.904875;-0.904702;-0.90457;-0.904477;-0.904423;-0.904408;-0.904433;-0.904496;-0.904598;-0.904739;-0.904918;-0.905136;-0.905394;-0.905691;-0.906028;-0.906404;-0.906821;-0.907279;-0.907779;-0.908319;-0.908902;-0.909527;-0.910194;-0.910904;-0.911656;-0.912451;-0.913289;-0.914168;-0.91509;-0.916053;-0.917057;-0.918103;-0.919189;-0.920315;-0.921481;-0.922687;-0.923932;-0.925215;-0.926538;-0.9279;-0.929301;-0.93074;-0.932219;-0.933737;-0.935295;-0.936892;-0.938529;-0.940207;-0.941925;-0.943683;-0.945482;-0.947321;-0.949201;-0.951121;-0.953082;-0.955082;-0.957121;-0.959199;-0.961315;-0.96347;-0.965661;-0.967889;-0.970153;-0.972452;-0.974787;-0.977156;-0.979559;-0.981996;-0.984467;-0.986971;-0.989508;-0.992079;-0.994683;-0.99732;-0.99999
-0.942222;-0.939842;-0.938703;-0.937597;-0.936525;-0.935485;-0.934479;-0.933505;-0.932565;-0.931657;-0.930782;-0.929941;-0.929133;-0.928359;-0.927619;-0.926913;-0.926241;-0.925605;-0.925004;-0.924438;-0.923907;-0.923411;-0.922951;-0.922526;-0.922135;-0.921779;-0.921458;-0.92117;-0.920916;-0.920695;-0.920507;-0.920351;-0.920227;-0.920134;-0.920073;-0.920043;-0.920044;-0.920076;-0.920139;-0.920233;-0.920358;-0.920515;-0.920703;-0.920923;-0.921175;-0.921459;-0.921775;-0.922124;-0.922505;-0.922918;-0.923363;-0.923841;-0.92435;-0.92489;-0.925461;-0.926063;-0.926694;-0.927355;-0.928045;-0.928762;-0.929508;-0.930281;-0.931081;-0.931907;-0.932759;-0.933637;-0.934541;-0.935471;-0.936426;-0.937407;-0.938413;-0.939445;-0.940503;-0.941586;-0.942695;-0.94383;-0.94499;-0.946175;-0.947386;-0.94862;-0.94988;-0.951162;-0.952468;-0.953797;-0.955147;-0.956518;-0.95791;-0.959321;-0.960752;-0.9622;-0.963665;-0.965148;-0.966647;-0.968162;-0.969692;-0.971237;-0.972797;-0.974371;-0.975959;-0.977562;-0.979178
-0.957787;-0.954643;-0.95312;-0.951628;-0.950168;-0.94874;-0.947341;-0.945974;-0.944636;-0.943329;-0.942052;-0.940805;-0.939588;-0.938401;-0.937245;-0.936119;-0.935023;-0.933958;-0.932924;-0.93192;-0.930946;-0.930003;-0.929089;-0.928205;-0.927351;-0.926525;-0.925727;-0.924958;-0.924215;-0.923499;-0.92281;-0.922145;-0.921506;-0.920891;-0.9203;-0.919733;-0.91919;-0.918669;-0.918172;-0.917697;-0.917245;-0.916816;-0.91641;-0.916026;-0.915666;-0.915328;-0.915013;-0.91472;-0.91445;-0.914202;-0.913976;-0.913771;-0.913587;-0.913424;-0.913281;-0.913157;-0.913052;-0.912964;-0.912894;-0.91284;-0.912802;-0.912779;-0.912771;-0.912777;-0.912796;-0.912828;-0.912874;-0.912931;-0.913002;-0.913084;-0.913178;-0.913283;-0.913401;-0.913529;-0.913669;-0.91382;-0.913982;-0.914153;-0.914335;-0.914526;-0.914725;-0.914933;-0.915148;-0.915369;-0.915596;-0.915828;-0.916064;-0.916302;-0.916543;-0.916785;-0.917027;-0.917269;-0.91751;-0.917749;-0.917986;-0.918219;-0.91845;-0.918676;-0.918898;-0.919116;-0.919329
-0.970958;-0.966331;-0.964064;-0.961827;-0.959621;-0.957443;-0.955294;-0.953174;-0.951081;-0.949016;-0.946979;-0.944968;-0.942985;-0.941028;-0.939098;-0.937195;-0.935319;-0.933469;-0.931645;-0.929848;-0.928076;-0.92633;-0.924608;-0.922911;-0.921238;-0.919588;-0.917961;-0.916356;-0.914772;-0.913209;-0.911666;-0.910141;-0.908635;-0.907147;-0.905675;-0.904221;-0.902782;-0.90136;-0.899952;-0.89856;-0.897182;-0.89582;-0.894471;-0.893137;-0.891817;-0.890511;-0.889219;-0.88794;-0.886673;-0.88542;-0.884178;-0.882948;-0.881729;-0.880521;-0.879321;-0.878131;-0.876948;-0.875772;-0.874603;-0.873439;-0.872279;-0.871123;-0.86997;-0.86882;-0.867671;-0.866523;-0.865375;-0.864228;-0.86308;-0.861932;-0.860783;-0.859632;-0.858479;-0.857325;-0.856168;-0.855008;-0.853845;-0.852678;-0.851506;-0.85033;-0.849147;-0.847958;-0.846761;-0.845556;-0.844341;-0.843115;-0.841878;-0.840629;-0.839366;-0.838088;-0.836794;-0.835485;-0.834157;-0.832812;-0.831448;-0.830064;-0.828659;-0.827234;-0.825788;-0.82432;-0.822829
-0.981702;-0.974924;-0.97158;-0.968265;-0.964978;-0.961719;-0.958487;-0.955281;-0.952101;-0.948947;-0.945817;-0.942712;-0.939631;-0.936574;-0.933541;-0.930531;-0.927544;-0.92458;-0.921639;-0.918719;-0.915821;-0.912944;-0.910087;-0.907251;-0.904433;-0.901634;-0.898852;-0.896087;-0.893338;-0.890604;-0.887884;-0.885177;-0.882482;-0.879799;-0.877127;-0.874465;-0.871812;-0.869169;-0.866534;-0.863907;-0.861287;-0.858675;-0.85607;-0.853471;-0.850878;-0.848291;-0.84571;-0.843133;-0.840561;-0.837992;-0.835427;-0.832865;-0.830304;-0.827744;-0.825184;-0.822623;-0.82006;-0.817495;-0.814926;-0.812352;-0.809772;-0.807185;-0.804591;-0.801989;-0.799378;-0.796756;-0.794124;-0.791481;-0.788827;-0.78616;-0.78348;-0.780787;-0.778081;-0.77536;-0.772625;-0.769874;-0.767107;-0.764324;-0.761524;-0.758705;-0.755868;-0.753011;-0.750132;-0.747232;-0.744309;-0.741361;-0.738388;-0.735389;-0.732362;-0.729306;-0.72622;-0.723104;-0.719956;-0.716775;-0.713561;-0.710312;-0.707027;-0.703707;-0.700351;-0.696957;-0.693525
-0.989992;-0.980476;-0.975761;-0.971075;-0.966415;-0.961782;-0.957175;-0.952592;-0.948033;-0.943497;-0.938984;-0.934494;-0.930025;-0.925578;-0.921152;-0.916746;-0.91236;-0.907994;-0.903647;-0.899318;-0.895008;-0.890714;-0.886438;-0.882177;-0.877931;-0.873698;-0.86948;-0.865273;-0.861077;-0.856891;-0.852715;-0.848546;-0.844385;-0.84023;-0.836081;-0.831936;-0.827795;-0.823657;-0.819521;-0.815388;-0.811255;-0.807124;-0.802993;-0.798861;-0.794729;-0.790596;-0.78646;-0.782323;-0.778183;-0.774038;-0.76989;-0.765736;-0.761576;-0.757409;-0.753233;-0.749049;-0.744855;-0.740649;-0.73643;-0.732199;-0.727953;-0.723691;-0.719413;-0.715117;-0.710803;-0.706469;-0.702116;-0.697742;-0.693347;-0.688929;-0.684489;-0.680026;-0.675538;-0.671027;-0.66649;-0.661927;-0.657338;-0.652721;-0.648076;-0.643403;-0.638699;-0.633964;-0.629197;-0.624396;-0.619561;-0.614691;-0.609783;-0.604837;-0.599852;-0.594827;-0.589759;-0.584649;-0.579495;-0.574296;-0.569052;-0.56376;-0.558421;-0.553034;-0.547597;-0.54211;-0.536573
-0.995808;-0.983072;-0.976747;-0.970449;-0.964176;-0.957929;-0.951707;-0.945507;-0.93933;-0.933175;-0.927042;-0.920928;-0.914835;-0.908761;-0.902705;-0.896668;-0.890648;-0.884645;-0.878659;-0.872688;-0.866733;-0.860791;-0.854863;-0.848947;-0.843043;-0.83715;-0.831265;-0.82539;-0.819521;-0.813659;-0.807802;-0.801948;-0.796098;-0.79025;-0.784403;-0.778556;-0.772708;-0.766858;-0.761006;-0.755151;-0.749292;-0.743429;-0.737561;-0.731687;-0.725807;-0.71992;-0.714026;-0.708123;-0.702211;-0.69629;-0.690358;-0.684415;-0.678459;-0.672489;-0.666505;-0.660505;-0.654488;-0.648454;-0.6424;-0.636325;-0.630229;-0.624111;-0.617969;-0.611802;-0.605609;-0.59939;-0.593143;-0.586868;-0.580564;-0.57423;-0.567866;-0.561471;-0.555043;-0.548583;-0.54209;-0.535563;-0.529001;-0.522403;-0.515768;-0.509096;-0.502385;-0.495634;-0.488842;-0.482009;-0.475132;-0.46821;-0.461242;-0.454228;-0.447165;-0.440052;-0.432889;-0.425673;-0.418405;-0.411082;-0.403704;-0.39627;-0.388779;-0.381231;-0.373623;-0.365956;-0.358229
-0.999135;-0.982825;-0.974712;-0.966625;-0.958563;-0.950526;-0.942512;-0.934521;-0.926551;-0.918602;-0.910672;-0.902762;-0.89487;-0.886996;-0.879139;-0.871298;-0.863474;-0.855664;-0.847868;-0.840086;-0.832317;-0.82456;-0.816813;-0.809077;-0.801349;-0.79363;-0.785917;-0.77821;-0.770508;-0.762808;-0.755111;-0.747415;-0.739719;-0.732021;-0.724322;-0.716619;-0.708912;-0.7012;-0.693482;-0.685757;-0.678025;-0.670285;-0.662535;-0.654777;-0.647008;-0.639228;-0.631437;-0.623633;-0.615815;-0.607984;-0.600138;-0.592275;-0.584396;-0.576498;-0.568581;-0.560643;-0.552684;-0.544702;-0.536696;-0.528665;-0.520607;-0.512522;-0.504408;-0.496264;-0.48809;-0.479883;-0.471644;-0.463372;-0.455065;-0.446723;-0.438345;-0.42993;-0.421478;-0.412988;-0.404459;-0.39589;-0.38728;-0.378629;-0.369935;-0.361198;-0.352417;-0.34359;-0.334716;-0.325794;-0.316823;-0.307801;-0.298727;-0.289601;-0.28042;-0.271183;-0.26189;-0.252539;-0.243129;-0.233659;-0.224127;-0.214534;-0.204877;-0.195157;-0.185372;-0.175521;-0.165604
-0.999965;-0.979869;-0.969862;-0.959881;-0.949925;-0.939993;-0.930084;-0.920196;-0.910329;-0.900482;-0.890654;-0.880844;-0.871052;-0.861276;-0.851517;-0.841772;-0.832043;-0.822327;-0.812624;-0.802933;-0.793253;-0.783584;-0.773925;-0.764273;-0.75463;-0.744992;-0.73536;-0.725731;-0.716105;-0.706481;-0.696857;-0.687233;-0.677606;-0.667976;-0.658342;-0.648703;-0.639058;-0.629406;-0.619745;-0.610076;-0.600397;-0.590708;-0.581008;-0.571296;-0.561571;-0.551833;-0.542081;-0.532314;-0.522531;-0.512731;-0.502914;-0.493078;-0.483223;-0.473347;-0.463448;-0.453527;-0.443581;-0.43361;-0.423612;-0.413586;-0.403531;-0.393446;-0.383329;-0.37318;-0.362997;-0.35278;-0.342527;-0.332238;-0.321912;-0.311548;-0.301145;-0.290703;-0.28022;-0.269697;-0.259131;-0.248523;-0.237872;-0.227176;-0.216435;-0.205647;-0.194812;-0.183929;-0.172996;-0.162012;-0.150977;-0.139888;-0.128744;-0.117545;-0.106289;-0.0949745;-0.0836008;-0.0721667;-0.0606711;-0.0491129;-0.0374912;-0.025805;-0.0140534;-0.00223562;0.00964919;0.0216018;0.033623
-0.998295;-0.974355;-0.962426;-0.950522;-0.938643;-0.926788;-0.914955;-0.903143;-0.891351;-0.879579;-0.867826;-0.856091;-0.844372;-0.83267;-0.820983;-0.809312;-0.797654;-0.786009;-0.774377;-0.762756;-0.751146;-0.739546;-0.727955;-0.716371;-0.704795;-0.693224;-0.681657;-0.670094;-0.658532;-0.646972;-0.635412;-0.62385;-0.612285;-0.600717;-0.589144;-0.577565;-0.56598;-0.554386;-0.542784;-0.531173;-0.519552;-0.507919;-0.496275;-0.484619;-0.472949;-0.461265;-0.449566;-0.437852;-0.426122;-0.414374;-0.402608;-0.390822;-0.379017;-0.36719;-0.35534;-0.343467;-0.331569;-0.319645;-0.307694;-0.295715;-0.283706;-0.271666;-0.259595;-0.247491;-0.235353;-0.22318;-0.210972;-0.198727;-0.186446;-0.174125;-0.161767;-0.149368;-0.13693;-0.12445;-0.111928;-0.0993641;-0.0867566;-0.0741048;-0.0614079;-0.0486649;-0.0358747;-0.0230365;-0.010149;0.00278892;0.0157783;0.0288204;0.0419163;0.0550672;0.0682743;0.0815387;0.0948614;0.108244;0.121686;0.13519;0.148757;0.162387;0.17608;0.189839;0.203662;0.217553;0.23151
-0.99413;-0.966445;-0.952643;-0.938867;-0.925115;-0.911386;-0.89768;-0.883994;-0.87033;-0.856684;-0.843058;-0.829449;-0.815857;-0.802282;-0.788722;-0.775177;-0.761646;-0.748129;-0.734624;-0.721131;-0.707648;-0.694176;-0.680713;-0.667258;-0.65381;-0.640368;-0.626931;-0.613498;-0.600067;-0.586637;-0.573208;-0.559779;-0.546347;-0.532912;-0.519473;-0.50603;-0.49258;-0.479123;-0.465659;-0.452186;-0.438705;-0.425213;-0.41171;-0.398196;-0.38467;-0.371131;-0.357578;-0.344011;-0.330429;-0.31683;-0.303215;-0.289582;-0.27593;-0.262259;-0.248566;-0.234851;-0.221114;-0.207351;-0.193564;-0.17975;-0.165909;-0.152039;-0.138139;-0.124209;-0.110247;-0.0962532;-0.0822257;-0.0681642;-0.0540679;-0.0399361;-0.0257681;-0.0115632;0.00267932;0.01696;0.0312797;0.045639;0.0600386;0.0744795;0.0889623;0.103488;0.118057;0.132671;0.147331;0.162038;0.176792;0.191595;0.206448;0.221352;0.236308;0.251317;0.266381;0.281499;0.296672;0.311903;0.327191;0.342538;0.357943;0.373408;0.388933;0.404519;0.420167
-0.98748;-0.956305;-0.940758;-0.925236;-0.909738;-0.894264;-0.878813;-0.863382;-0.847973;-0.832583;-0.817212;-0.80186;-0.786525;-0.771207;-0.755905;-0.740618;-0.725347;-0.710089;-0.694845;-0.679614;-0.664394;-0.649186;-0.633987;-0.618798;-0.603617;-0.588444;-0.573276;-0.558114;-0.542956;-0.527801;-0.512648;-0.497497;-0.482345;-0.467192;-0.452036;-0.436879;-0.421717;-0.40655;-0.391379;-0.376201;-0.361016;-0.345824;-0.330624;-0.315415;-0.300197;-0.284969;-0.26973;-0.254479;-0.239217;-0.223941;-0.208652;-0.193348;-0.178029;-0.162693;-0.14734;-0.131969;-0.116578;-0.101167;-0.0857348;-0.07028;-0.0548019;-0.0392994;-0.0237718;-0.00821798;0.00736272;0.0229712;0.038608;0.0542741;0.0699699;0.0856962;0.101453;0.117242;0.133063;0.148917;0.164804;0.180725;0.196681;0.212672;0.228698;0.244762;0.260863;0.277002;0.29318;0.309399;0.325658;0.34196;0.358304;0.374692;0.391124;0.407602;0.424126;0.440698;0.457317;0.473985;0.490703;0.50747;0.524288;0.541156;0.558077;0.575049;0.592074
-0.978362;-0.944098;-0.927007;-0.909941;-0.892899;-0.87588;-0.858885;-0.841911;-0.824958;-0.808026;-0.791113;-0.77422;-0.757344;-0.740487;-0.723647;-0.706824;-0.690016;-0.673224;-0.656447;-0.639684;-0.622935;-0.606198;-0.589474;-0.57276;-0.556057;-0.539363;-0.522678;-0.506;-0.489329;-0.472664;-0.456003;-0.439346;-0.422692;-0.40604;-0.389389;-0.372739;-0.356088;-0.339437;-0.322783;-0.306127;-0.289468;-0.272806;-0.256139;-0.239468;-0.222792;-0.20611;-0.189422;-0.172727;-0.156025;-0.139314;-0.122595;-0.105866;-0.0891268;-0.0723766;-0.0556144;-0.0388395;-0.0220509;-0.00524776;0.0115708;0.0284056;0.0452575;0.0621273;0.0790159;0.0959239;0.112852;0.129801;0.146772;0.163764;0.180779;0.197817;0.214878;0.231963;0.249073;0.266207;0.283367;0.300552;0.317763;0.335002;0.352267;0.36956;0.386882;0.404233;0.421614;0.439026;0.456469;0.473944;0.491452;0.508993;0.526569;0.54418;0.561827;0.57951;0.59723;0.614987;0.632783;0.650617;0.66849;0.686402;0.704353;0.722344;0.740376
-0.966798;-0.929981;-0.911613;-0.893269;-0.87495;-0.856655;-0.838383;-0.820133;-0.801905;-0.783699;-0.765513;-0.747347;-0.7292;-0.711073;-0.692964;-0.674874;-0.656801;-0.638746;-0.620707;-0.602685;-0.584678;-0.566686;-0.548709;-0.530745;-0.512795;-0.494857;-0.47693;-0.459014;-0.441108;-0.423212;-0.405323;-0.387442;-0.369568;-0.3517;-0.333838;-0.31598;-0.298126;-0.280276;-0.262429;-0.244584;-0.226741;-0.2089;-0.191061;-0.173222;-0.155383;-0.137545;-0.119706;-0.101866;-0.0840249;-0.066182;-0.0483367;-0.0304884;-0.0126366;0.00521936;0.0230803;0.0409467;0.0588195;0.0766993;0.0945868;0.112483;0.130388;0.148302;0.166228;0.184164;0.202111;0.220071;0.238043;0.256028;0.274026;0.292037;0.310063;0.328102;0.346156;0.364225;0.382308;0.400407;0.418522;0.436652;0.454799;0.472963;0.491144;0.509342;0.527559;0.545795;0.56405;0.582325;0.60062;0.618937;0.637275;0.655635;0.674018;0.692423;0.710853;0.729306;0.747783;0.766284;0.78481;0.80336;0.821936;0.840536;0.859162
-0.952818;-0.914096;-0.894774;-0.875477;-0.856206;-0.836958;-0.817733;-0.798532;-0.779353;-0.760196;-0.741061;-0.721947;-0.702855;-0.683783;-0.664731;-0.645699;-0.626687;-0.607695;-0.588721;-0.569767;-0.55083;-0.531912;-0.513011;-0.494126;-0.475258;-0.456406;-0.437569;-0.418747;-0.399938;-0.381143;-0.36236;-0.34359;-0.32483;-0.306082;-0.287344;-0.268617;-0.249898;-0.231189;-0.212488;-0.193796;-0.175111;-0.156435;-0.137766;-0.119104;-0.10045;-0.0818017;-0.0631605;-0.0445255;-0.0258965;-0.00727314;0.011345;0.0299582;0.0485671;0.0671719;0.0857734;0.104372;0.122968;0.141562;0.160155;0.178747;0.197338;0.21593;0.234522;0.253116;0.27171;0.290306;0.308904;0.327504;0.346106;0.364711;0.383319;0.401929;0.420541;0.439157;0.457776;0.476398;0.495023;0.513651;0.532284;0.55092;0.56956;0.588204;0.606854;0.625508;0.644168;0.662834;0.681505;0.700184;0.718869;0.737561;0.756261;0.774968;0.793684;0.812407;0.831138;0.849877;0.868625;0.887381;0.906144;0.924916;0.943696
-0.936457;-0.896567;-0.876661;-0.856779;-0.836923;-0.817091;-0.797283;-0.777498;-0.757737;-0.737998;-0.718283;-0.69859;-0.67892;-0.659273;-0.639647;-0.620043;-0.600462;-0.580902;-0.561364;-0.541847;-0.522352;-0.502878;-0.483424;-0.46399;-0.444577;-0.425183;-0.405809;-0.386453;-0.367116;-0.347796;-0.328494;-0.309209;-0.289941;-0.270689;-0.251453;-0.232233;-0.213028;-0.193838;-0.174663;-0.155503;-0.136358;-0.117228;-0.098112;-0.0790107;-0.0599238;-0.0408514;-0.0217933;-0.00274939;0.0162804;0.0352962;0.0542982;0.0732867;0.0922618;0.111224;0.130173;0.14911;0.168035;0.186948;0.205849;0.22474;0.243619;0.262488;0.281347;0.300195;0.319034;0.337862;0.356681;0.37549;0.394289;0.413078;0.431858;0.450627;0.469387;0.488136;0.506875;0.525604;0.544322;0.56303;0.581728;0.600415;0.619092;0.637759;0.656415;0.675062;0.693699;0.712326;0.730944;0.749552;0.768151;0.786741;0.805321;0.823893;0.842455;0.861008;0.879552;0.898086;0.916611;0.935126;0.95363;0.972124;0.990607
-0.917755;-0.877497;-0.857405;-0.837339;-0.817298;-0.79728;-0.777288;-0.757319;-0.737374;-0.717454;-0.697557;-0.677685;-0.657836;-0.638012;-0.618211;-0.598435;-0.578683;-0.558956;-0.539253;-0.519574;-0.499919;-0.480289;-0.460682;-0.4411;-0.421542;-0.402007;-0.382496;-0.363008;-0.343543;-0.324101;-0.304682;-0.285284;-0.26591;-0.246557;-0.227226;-0.207916;-0.188629;-0.169363;-0.150119;-0.130896;-0.111696;-0.0925175;-0.073361;-0.0542267;-0.0351148;-0.0160253;0.00304161;0.0220859;0.0411073;0.060106;0.0790819;0.098035;0.116965;0.135873;0.154758;0.17362;0.192461;0.211278;0.230074;0.248848;0.267599;0.286329;0.305037;0.323723;0.342387;0.361029;0.379649;0.398247;0.416822;0.435374;0.453903;0.472409;0.490892;0.50935;0.527785;0.546195;0.56458;0.58294;0.601276;0.619585;0.63787;0.656129;0.674362;0.69257;0.710752;0.728908;0.747037;0.765141;0.783219;0.80127;0.819295;0.837293;0.855265;0.873209;0.891126;0.909015;0.926876;0.944708;0.96251;0.980284;0.998027
-0.896758;-0.856964;-0.837103;-0.817267;-0.797455;-0.777668;-0.757905;-0.738167;-0.718454;-0.698765;-0.679102;-0.659464;-0.639851;-0.620264;-0.600703;-0.581168;-0.56166;-0.542178;-0.522724;-0.503296;-0.483896;-0.464524;-0.445179;-0.425862;-0.406572;-0.38731;-0.368076;-0.34887;-0.329691;-0.310541;-0.291418;-0.272322;-0.253255;-0.234215;-0.215203;-0.196219;-0.177263;-0.158336;-0.139436;-0.120566;-0.101725;-0.0829129;-0.0641306;-0.0453783;-0.0266563;-0.00796489;0.0106956;0.0293248;0.0479225;0.0664885;0.0850224;0.103524;0.121994;0.140431;0.158835;0.177207;0.195546;0.213852;0.232125;0.250365;0.268571;0.286745;0.304884;0.32299;0.341062;0.3591;0.377103;0.395071;0.413004;0.430901;0.448761;0.466585;0.484372;0.50212;0.519831;0.537503;0.555136;0.572729;0.590282;0.607795;0.625268;0.642699;0.660089;0.677437;0.694744;0.712008;0.72923;0.746409;0.763545;0.780637;0.797686;0.81469;0.83165;0.848565;0.865434;0.882257;0.899034;0.915763;0.932443;0.949075;0.965658
-0.873521;-0.835021;-0.815806;-0.796615;-0.777449;-0.758306;-0.739188;-0.720095;-0.701028;-0.681985;-0.662969;-0.643979;-0.625016;-0.60608;-0.587171;-0.568291;-0.549439;-0.530616;-0.511823;-0.493059;-0.474326;-0.455623;-0.436951;-0.418311;-0.399701;-0.381124;-0.362578;-0.344064;-0.325583;-0.307134;-0.288717;-0.270334;-0.251983;-0.233666;-0.215383;-0.197133;-0.178918;-0.160738;-0.142592;-0.124482;-0.106408;-0.088371;-0.0703706;-0.0524077;-0.0344828;-0.0165965;0.00125077;0.0190585;0.0368262;0.0545534;0.0722397;0.0898848;0.107488;0.12505;0.142569;0.160045;0.177479;0.194869;0.212216;0.229519;0.246778;0.263993;0.281162;0.298286;0.315365;0.332397;0.349383;0.366321;0.383211;0.400053;0.416846;0.433589;0.450281;0.466923;0.483512;0.500049;0.516533;0.532963;0.549339;0.56566;0.581926;0.598135;0.614289;0.630385;0.646424;0.662405;0.678327;0.694191;0.709995;0.72574;0.741424;0.757047;0.772608;0.788107;0.803543;0.818915;0.834223;0.849465;0.864641;0.87975;0.894791
-0.8481;-0.811695;-0.793526;-0.77538;-0.757257;-0.739159;-0.721085;-0.703036;-0.685012;-0.667014;-0.649043;-0.631099;-0.613182;-0.595294;-0.577435;-0.559606;-0.541807;-0.524039;-0.506302;-0.488598;-0.470926;-0.453288;-0.435683;-0.418113;-0.400577;-0.383077;-0.365612;-0.348183;-0.330791;-0.313435;-0.296116;-0.278835;-0.261592;-0.244388;-0.227222;-0.210096;-0.19301;-0.175964;-0.158959;-0.141997;-0.125076;-0.108199;-0.0913658;-0.0745769;-0.0578332;-0.0411353;-0.0244841;-0.00788015;0.00867591;0.0251834;0.0416418;0.0580504;0.0744088;0.0907163;0.106973;0.123177;0.139329;0.155428;0.171474;0.187467;0.203405;0.219288;0.235116;0.250887;0.266603;0.28226;0.29786;0.313401;0.328883;0.344304;0.359665;0.374963;0.390199;0.405371;0.420479;0.435521;0.450498;0.465407;0.480249;0.495023;0.509728;0.524363;0.538927;0.553421;0.567842;0.582192;0.596468;0.610671;0.624799;0.638852;0.65283;0.666731;0.680554;0.6943;0.707966;0.721552;0.735058;0.748482;0.761823;0.77508;0.788252
-0.820559;-0.786987;-0.770233;-0.753501;-0.736791;-0.720105;-0.703443;-0.686806;-0.670193;-0.653607;-0.637048;-0.620516;-0.604012;-0.587538;-0.571094;-0.554681;-0.538299;-0.521949;-0.505633;-0.489351;-0.473104;-0.456892;-0.440717;-0.424578;-0.408477;-0.392414;-0.37639;-0.360405;-0.344459;-0.328555;-0.312691;-0.296869;-0.281089;-0.265352;-0.249659;-0.234009;-0.218405;-0.202846;-0.187334;-0.171869;-0.156452;-0.141084;-0.125766;-0.110498;-0.0952818;-0.0801179;-0.0650072;-0.0499505;-0.0349487;-0.0200025;-0.00511275;0.00971987;0.0244946;0.0392108;0.0538677;0.0684647;0.0830011;0.0974763;0.11189;0.12624;0.140528;0.154751;0.16891;0.183004;0.197031;0.210991;0.224884;0.238707;0.252461;0.266144;0.279756;0.293295;0.306761;0.320152;0.333467;0.346707;0.359868;0.372952;0.385956;0.39888;0.411723;0.424485;0.437163;0.449758;0.462269;0.474695;0.487035;0.499289;0.511455;0.523532;0.535521;0.547419;0.559226;0.570942;0.582564;0.594093;0.605526;0.616864;0.628104;0.639246;0.650288
-0.790968;-0.760878;-0.745863;-0.730868;-0.715896;-0.700945;-0.686018;-0.671115;-0.656237;-0.641384;-0.626559;-0.611761;-0.596991;-0.582252;-0.567542;-0.552865;-0.538219;-0.523607;-0.50903;-0.494488;-0.479982;-0.465513;-0.451082;-0.43669;-0.422338;-0.408026;-0.393755;-0.379526;-0.365339;-0.351196;-0.337097;-0.323042;-0.309034;-0.295071;-0.281156;-0.267289;-0.253471;-0.239703;-0.225985;-0.212319;-0.198705;-0.185145;-0.17164;-0.15819;-0.144797;-0.131462;-0.118185;-0.104967;-0.0918102;-0.0787148;-0.0656817;-0.0527118;-0.0398061;-0.0269653;-0.0141903;-0.00148186;0.0111592;0.0237321;0.036236;0.0486701;0.0610336;0.0733257;0.0855455;0.097692;0.109765;0.121762;0.133683;0.145528;0.157294;0.168981;0.180588;0.192113;0.203557;0.214916;0.226191;0.237381;0.248484;0.259499;0.270425;0.281261;0.292007;0.302661;0.313222;0.32369;0.334063;0.344341;0.354522;0.364607;0.374593;0.38448;0.394267;0.403953;0.413536;0.423017;0.432394;0.441665;0.450829;0.459886;0.468834;0.477672;0.486399
-0.759399;-0.733327;-0.720318;-0.707328;-0.694359;-0.681411;-0.668485;-0.655583;-0.642704;-0.629851;-0.617024;-0.604224;-0.591453;-0.578711;-0.565999;-0.55332;-0.540673;-0.528059;-0.515481;-0.502939;-0.490433;-0.477966;-0.465538;-0.453149;-0.440801;-0.428496;-0.416232;-0.404013;-0.391837;-0.379707;-0.367624;-0.355587;-0.343598;-0.331658;-0.319767;-0.307928;-0.29614;-0.284405;-0.272723;-0.261096;-0.249526;-0.238012;-0.226556;-0.21516;-0.203823;-0.192549;-0.181336;-0.170188;-0.159104;-0.148085;-0.137134;-0.12625;-0.115435;-0.104689;-0.0940146;-0.0834112;-0.0728803;-0.0624226;-0.0520392;-0.041731;-0.0314988;-0.0213436;-0.0112664;-0.00126823;0.00865001;0.0184872;0.0282423;0.0379142;0.0475018;0.0570039;0.0664194;0.0757471;0.0849858;0.0941343;0.103192;0.112156;0.121028;0.129804;0.138485;0.147068;0.155554;0.163941;0.172227;0.180413;0.188496;0.196477;0.204354;0.212125;0.219791;0.22735;0.2348;0.242142;0.249373;0.256493;0.263501;0.270395;0.277174;0.283837;0.290383;0.296811;0.303118
-0.725932;-0.704279;-0.693477;-0.682692;-0.671927;-0.661181;-0.650456;-0.639753;-0.629073;-0.618417;-0.607786;-0.597182;-0.586606;-0.576058;-0.56554;-0.555054;-0.5446;-0.534179;-0.523793;-0.513443;-0.50313;-0.492856;-0.48262;-0.472424;-0.46227;-0.452158;-0.442089;-0.432064;-0.422085;-0.412152;-0.402266;-0.392427;-0.382638;-0.372899;-0.363212;-0.353576;-0.343993;-0.334465;-0.324992;-0.315576;-0.306218;-0.296918;-0.287679;-0.2785;-0.269385;-0.260333;-0.251345;-0.242424;-0.23357;-0.224784;-0.216067;-0.207421;-0.198846;-0.190344;-0.181915;-0.173561;-0.165282;-0.15708;-0.148955;-0.140908;-0.132941;-0.125054;-0.117249;-0.109526;-0.101887;-0.0943324;-0.0868637;-0.079482;-0.0721884;-0.0649841;-0.0578704;-0.0508485;-0.0439195;-0.0370848;-0.0303454;-0.0237027;-0.0171577;-0.0107117;-0.00436583;0.00187884;0.00802119;0.0140602;0.0199947;0.0258237;0.0315462;0.0371611;0.0426675;0.0480643;0.0533505;0.058525;0.0635867;0.0685347;0.0733677;0.0780847;0.0826845;0.0871659;0.0915276;0.0957685;0.0998873;0.103883;0.107754
-0.690651;-0.673669;-0.6652;-0.656747;-0.648311;-0.639892;-0.631494;-0.623115;-0.614758;-0.606424;-0.598114;-0.589829;-0.58157;-0.573339;-0.565137;-0.556965;-0.548824;-0.540716;-0.532642;-0.524603;-0.5166;-0.508634;-0.500707;-0.492819;-0.484972;-0.477167;-0.469404;-0.461686;-0.454012;-0.446384;-0.438803;-0.43127;-0.423786;-0.416352;-0.408969;-0.401639;-0.394361;-0.387139;-0.379972;-0.372861;-0.365809;-0.358816;-0.351883;-0.345013;-0.338205;-0.331461;-0.324783;-0.318171;-0.311627;-0.305151;-0.298746;-0.292412;-0.28615;-0.279962;-0.273848;-0.267809;-0.261846;-0.255961;-0.250155;-0.244427;-0.238781;-0.233215;-0.227733;-0.222334;-0.217019;-0.211791;-0.206649;-0.201596;-0.196632;-0.191759;-0.186978;-0.182289;-0.177695;-0.173196;-0.168794;-0.16449;-0.160285;-0.15618;-0.152176;-0.148275;-0.144478;-0.140785;-0.137198;-0.133718;-0.130346;-0.127082;-0.123929;-0.120886;-0.117955;-0.115137;-0.112433;-0.109844;-0.107371;-0.105015;-0.102778;-0.10066;-0.0986634;-0.0967883;-0.0950364;-0.0934088;-0.0919069
-0.653644;-0.641429;-0.63534;-0.629266;-0.623206;-0.617163;-0.611137;-0.60513;-0.599143;-0.593176;-0.587232;-0.581311;-0.575414;-0.569544;-0.563701;-0.557886;-0.552101;-0.546347;-0.540625;-0.534936;-0.529282;-0.523664;-0.518083;-0.512539;-0.507035;-0.501572;-0.496149;-0.490769;-0.485433;-0.48014;-0.474894;-0.469694;-0.464541;-0.459438;-0.454384;-0.449381;-0.44443;-0.439532;-0.434689;-0.429901;-0.42517;-0.420497;-0.415884;-0.41133;-0.406839;-0.40241;-0.398045;-0.393746;-0.389513;-0.385348;-0.381252;-0.377225;-0.373269;-0.369386;-0.365575;-0.361839;-0.358177;-0.354592;-0.351084;-0.347654;-0.344303;-0.341033;-0.337843;-0.334736;-0.331713;-0.328774;-0.32592;-0.323153;-0.320475;-0.317885;-0.315386;-0.312978;-0.310663;-0.308442;-0.306315;-0.304286;-0.302353;-0.300519;-0.298785;-0.297151;-0.295619;-0.29419;-0.292865;-0.291644;-0.29053;-0.289522;-0.288622;-0.287831;-0.287149;-0.286578;-0.286119;-0.285772;-0.28554;-0.285422;-0.28542;-0.285535;-0.285768;-0.28612;-0.286593;-0.287187;-0.287903
-0.615002;-0.60749;-0.60375;-0.600022;-0.596307;-0.592606;-0.58892;-0.585251;-0.5816;-0.577967;-0.574354;-0.570763;-0.567194;-0.563649;-0.560128;-0.556634;-0.553167;-0.549729;-0.546321;-0.542944;-0.539599;-0.536287;-0.53301;-0.529769;-0.526564;-0.523398;-0.52027;-0.517182;-0.514135;-0.51113;-0.508167;-0.505249;-0.502376;-0.499549;-0.496769;-0.494038;-0.491356;-0.488724;-0.486144;-0.483617;-0.481143;-0.478725;-0.476363;-0.474059;-0.471814;-0.469628;-0.467503;-0.465441;-0.463442;-0.461508;-0.459639;-0.457836;-0.456102;-0.454436;-0.452839;-0.451314;-0.44986;-0.448479;-0.447171;-0.445938;-0.444781;-0.4437;-0.442696;-0.441772;-0.440926;-0.440162;-0.439479;-0.438879;-0.438363;-0.437932;-0.437587;-0.437329;-0.43716;-0.43708;-0.437091;-0.437193;-0.437389;-0.437678;-0.438062;-0.438542;-0.439118;-0.439793;-0.440566;-0.44144;-0.442413;-0.443488;-0.444666;-0.445947;-0.447332;-0.448822;-0.450419;-0.452122;-0.453933;-0.455853;-0.457882;-0.460023;-0.462275;-0.46464;-0.467119;-0.469712;-0.472422
-0.574824;-0.571794;-0.570292;-0.5688;-0.567319;-0.56585;-0.564394;-0.562952;-0.561525;-0.560114;-0.558722;-0.557348;-0.555993;-0.55466;-0.553349;-0.552062;-0.550799;-0.549562;-0.548351;-0.547169;-0.546016;-0.544894;-0.543802;-0.542743;-0.541718;-0.540727;-0.539771;-0.538852;-0.53797;-0.537127;-0.536323;-0.535559;-0.534837;-0.534157;-0.53352;-0.532928;-0.532381;-0.53188;-0.531427;-0.531022;-0.530667;-0.530363;-0.530111;-0.529912;-0.529767;-0.529678;-0.529644;-0.529668;-0.529751;-0.529893;-0.530096;-0.53036;-0.530687;-0.531077;-0.531531;-0.532051;-0.532637;-0.53329;-0.534012;-0.534802;-0.535661;-0.536592;-0.537594;-0.538668;-0.539816;-0.541039;-0.542336;-0.543711;-0.545162;-0.546692;-0.548302;-0.549991;-0.551763;-0.553617;-0.555554;-0.557576;-0.559683;-0.561876;-0.564157;-0.566526;-0.568985;-0.571533;-0.574172;-0.576902;-0.579725;-0.582641;-0.585652;-0.588756;-0.591957;-0.595253;-0.598647;-0.602139;-0.605729;-0.609419;-0.613209;-0.6171;-0.621094;-0.62519;-0.629391;-0.633696;-0.638107
-0.533209;-0.534295;-0.534847;-0.535408;-0.535977;-0.536556;-0.537146;-0.537747;-0.538361;-0.538989;-0.539632;-0.54029;-0.540966;-0.541659;-0.542372;-0.543105;-0.543859;-0.544636;-0.545436;-0.54626;-0.54711;-0.547987;-0.548891;-0.549823;-0.550785;-0.551777;-0.5528;-0.553856;-0.554944;-0.556066;-0.557223;-0.558416;-0.559645;-0.560912;-0.562217;-0.563561;-0.564945;-0.566371;-0.567838;-0.569349;-0.570904;-0.572504;-0.57415;-0.575844;-0.577585;-0.579375;-0.581216;-0.583108;-0.585052;-0.587048;-0.589099;-0.591204;-0.593365;-0.595583;-0.597857;-0.60019;-0.602582;-0.605033;-0.607545;-0.610118;-0.612753;-0.61545;-0.618212;-0.621037;-0.623928;-0.626885;-0.629909;-0.633001;-0.636161;-0.639391;-0.642691;-0.646063;-0.649507;-0.653024;-0.656614;-0.66028;-0.664021;-0.667839;-0.671734;-0.675707;-0.679758;-0.683889;-0.688101;-0.692393;-0.696766;-0.701222;-0.70576;-0.710382;-0.715088;-0.719879;-0.724754;-0.729716;-0.734764;-0.7399;-0.745124;-0.750436;-0.755838;-0.761329;-0.766912;-0.772586;-0.778352
-0.490261;-0.494965;-0.497323;-0.499688;-0.502059;-0.504438;-0.506824;-0.50922;-0.511627;-0.514044;-0.516472;-0.518914;-0.52137;-0.52384;-0.526326;-0.528829;-0.531349;-0.533888;-0.536446;-0.539025;-0.541625;-0.544248;-0.546893;-0.549562;-0.552256;-0.554976;-0.557721;-0.560494;-0.563295;-0.566124;-0.568983;-0.571871;-0.574791;-0.577742;-0.580725;-0.583742;-0.586793;-0.589878;-0.593;-0.596158;-0.599353;-0.602586;-0.605859;-0.609172;-0.612525;-0.615921;-0.619359;-0.62284;-0.626365;-0.629936;-0.633552;-0.637215;-0.640926;-0.644684;-0.648491;-0.652347;-0.656253;-0.66021;-0.664218;-0.668277;-0.67239;-0.676556;-0.680775;-0.685049;-0.689378;-0.693763;-0.698205;-0.702704;-0.707261;-0.711876;-0.716552;-0.721287;-0.726083;-0.730941;-0.735861;-0.740845;-0.745892;-0.751003;-0.75618;-0.761422;-0.76673;-0.772105;-0.777548;-0.783058;-0.788636;-0.794283;-0.8;-0.805786;-0.811642;-0.817569;-0.823567;-0.829636;-0.835778;-0.841992;-0.84828;-0.85464;-0.861075;-0.867585;-0.87417;-0.88083;-0.887567
-0.446087;-0.453802;-0.457663;-0.461528;-0.465397;-0.469272;-0.473153;-0.47704;-0.480934;-0.484837;-0.488749;-0.49267;-0.496602;-0.500545;-0.5045;-0.508468;-0.512449;-0.516445;-0.520457;-0.524484;-0.528528;-0.53259;-0.53667;-0.540769;-0.544887;-0.549026;-0.553185;-0.557366;-0.561569;-0.565794;-0.570043;-0.574316;-0.578613;-0.582936;-0.587284;-0.591659;-0.596061;-0.60049;-0.604948;-0.609435;-0.613952;-0.618499;-0.623078;-0.627689;-0.632332;-0.637009;-0.641719;-0.646465;-0.651246;-0.656063;-0.660916;-0.665807;-0.670735;-0.675702;-0.680707;-0.685752;-0.690837;-0.695962;-0.701128;-0.706335;-0.711584;-0.716875;-0.722209;-0.727586;-0.733007;-0.738472;-0.743982;-0.749537;-0.755139;-0.760786;-0.766481;-0.772223;-0.778013;-0.783852;-0.789741;-0.795678;-0.801666;-0.807705;-0.813795;-0.819936;-0.82613;-0.832375;-0.838674;-0.845025;-0.85143;-0.857888;-0.8644;-0.870967;-0.877588;-0.884263;-0.890994;-0.89778;-0.904622;-0.911519;-0.918473;-0.925484;-0.932551;-0.939676;-0.946859;-0.954099;-0.961397
-0.400799;-0.410831;-0.415849;-0.420868;-0.42589;-0.430915;-0.435944;-0.440977;-0.446014;-0.451057;-0.456106;-0.461161;-0.466223;-0.471293;-0.476372;-0.481459;-0.486556;-0.491663;-0.496782;-0.501911;-0.507053;-0.512207;-0.517374;-0.522555;-0.52775;-0.53296;-0.538184;-0.543424;-0.548681;-0.553953;-0.559243;-0.564549;-0.569874;-0.575216;-0.580578;-0.585958;-0.591358;-0.596778;-0.602219;-0.607681;-0.613164;-0.61867;-0.624199;-0.62975;-0.635326;-0.640926;-0.64655;-0.6522;-0.657876;-0.663578;-0.669307;-0.675062;-0.680846;-0.686657;-0.692496;-0.698364;-0.70426;-0.710186;-0.716141;-0.722126;-0.728142;-0.734187;-0.740263;-0.74637;-0.752509;-0.758679;-0.764881;-0.771116;-0.777383;-0.783684;-0.790018;-0.796386;-0.802788;-0.809224;-0.815696;-0.822203;-0.828745;-0.835324;-0.841938;-0.848589;-0.855276;-0.862;-0.868761;-0.875559;-0.882394;-0.889266;-0.896176;-0.903123;-0.910108;-0.917131;-0.924192;-0.93129;-0.938426;-0.945601;-0.952814;-0.960065;-0.967354;-0.974682;-0.982049;-0.989455;-0.9969
-0.354509;-0.366109;-0.371909;-0.377709;-0.38351;-0.389311;-0.395115;-0.400919;-0.406726;-0.412536;-0.418349;-0.424164;-0.429984;-0.435808;-0.441637;-0.447471;-0.45331;-0.459155;-0.465007;-0.470866;-0.476732;-0.482605;-0.488487;-0.494376;-0.500274;-0.506181;-0.512098;-0.518024;-0.523959;-0.529904;-0.53586;-0.541826;-0.547803;-0.553791;-0.55979;-0.565801;-0.571824;-0.577859;-0.583906;-0.589966;-0.59604;-0.602127;-0.608228;-0.614343;-0.620473;-0.626618;-0.632778;-0.638954;-0.645145;-0.651352;-0.657576;-0.663817;-0.670074;-0.676348;-0.682639;-0.688948;-0.695274;-0.701617;-0.707979;-0.714358;-0.720755;-0.72717;-0.733603;-0.740054;-0.746524;-0.753012;-0.75952;-0.766046;-0.772591;-0.779156;-0.78574;-0.792344;-0.798967;-0.805611;-0.812274;-0.818958;-0.825663;-0.832387;-0.839133;-0.845899;-0.852685;-0.859492;-0.86632;-0.873168;-0.880037;-0.886926;-0.893836;-0.900766;-0.907716;-0.914686;-0.921676;-0.928686;-0.935716;-0.942765;-0.949835;-0.956923;-0.964032;-0.97116;-0.978307;-0.985473;-0.992659
-0.307333;-0.319726;-0.32592;-0.332113;-0.338306;-0.344498;-0.350689;-0.356879;-0.36307;-0.36926;-0.375451;-0.381642;-0.387834;-0.394026;-0.40022;-0.406415;-0.412612;-0.418811;-0.425012;-0.431215;-0.437421;-0.44363;-0.449841;-0.456055;-0.462273;-0.468494;-0.474718;-0.480946;-0.487177;-0.493412;-0.49965;-0.505892;-0.512138;-0.518388;-0.524642;-0.530901;-0.537163;-0.54343;-0.549701;-0.555977;-0.562257;-0.568543;-0.574834;-0.58113;-0.587431;-0.593738;-0.60005;-0.606369;-0.612693;-0.619023;-0.625359;-0.631702;-0.63805;-0.644404;-0.650765;-0.657132;-0.663504;-0.669883;-0.676267;-0.682658;-0.689054;-0.695455;-0.701863;-0.708276;-0.714695;-0.721119;-0.727548;-0.733984;-0.740424;-0.74687;-0.753322;-0.759779;-0.766241;-0.772709;-0.779183;-0.785661;-0.792145;-0.798634;-0.805128;-0.811627;-0.818131;-0.82464;-0.831152;-0.837669;-0.84419;-0.850715;-0.857243;-0.863774;-0.870308;-0.876844;-0.883383;-0.889924;-0.896467;-0.903012;-0.909557;-0.916104;-0.922651;-0.929199;-0.935748;-0.942296;-0.948844
-0.259389;-0.271804;-0.278008;-0.28421;-0.29041;-0.296608;-0.302803;-0.308996;-0.315187;-0.321375;-0.327561;-0.333745;-0.339927;-0.346106;-0.352284;-0.358459;-0.364633;-0.370804;-0.376974;-0.383142;-0.389308;-0.395472;-0.401634;-0.407794;-0.413952;-0.420108;-0.426262;-0.432414;-0.438563;-0.44471;-0.450855;-0.456997;-0.463136;-0.469272;-0.475405;-0.481535;-0.487662;-0.493786;-0.499906;-0.506024;-0.512138;-0.518249;-0.524356;-0.53046;-0.536561;-0.542658;-0.548751;-0.554841;-0.560928;-0.567011;-0.573089;-0.579164;-0.585235;-0.591301;-0.597363;-0.603419;-0.609471;-0.615518;-0.621559;-0.627595;-0.633625;-0.639648;-0.645666;-0.651676;-0.65768;-0.663677;-0.669667;-0.675649;-0.681624;-0.687591;-0.69355;-0.6995;-0.705443;-0.711377;-0.717302;-0.723218;-0.729125;-0.735023;-0.74091;-0.746788;-0.752655;-0.758512;-0.764357;-0.770191;-0.776013;-0.781823;-0.78762;-0.793404;-0.799174;-0.804931;-0.810672;-0.816399;-0.822111;-0.827807;-0.833486;-0.839149;-0.844796;-0.850424;-0.856035;-0.861628;-0.867202
-0.210796;-0.2225;-0.228348;-0.234193;-0.240034;-0.245872;-0.251706;-0.257537;-0.263363;-0.269185;-0.275002;-0.280815;-0.286624;-0.292427;-0.298226;-0.304019;-0.309807;-0.31559;-0.321368;-0.327139;-0.332905;-0.338665;-0.344419;-0.350166;-0.355907;-0.361641;-0.367367;-0.373086;-0.378798;-0.384501;-0.390196;-0.395883;-0.401561;-0.40723;-0.412889;-0.418539;-0.424179;-0.429809;-0.435428;-0.441037;-0.446636;-0.452223;-0.4578;-0.463365;-0.468918;-0.47446;-0.47999;-0.485507;-0.491012;-0.496505;-0.501984;-0.50745;-0.512903;-0.518341;-0.523765;-0.529175;-0.534569;-0.539948;-0.545311;-0.550658;-0.555988;-0.561301;-0.566596;-0.571874;-0.577134;-0.582375;-0.587597;-0.5928;-0.597984;-0.603147;-0.60829;-0.613413;-0.618514;-0.623594;-0.628653;-0.633689;-0.638703;-0.643694;-0.648662;-0.653605;-0.658525;-0.66342;-0.66829;-0.673133;-0.677951;-0.682741;-0.687504;-0.69224;-0.696946;-0.701623;-0.706271;-0.710888;-0.715474;-0.720029;-0.724552;-0.729043;-0.7335;-0.737924;-0.742313;-0.746668;-0.750987
-0.161676;-0.172002;-0.177159;-0.182314;-0.187464;-0.19261;-0.197751;-0.202886;-0.208017;-0.213141;-0.218259;-0.223371;-0.228476;-0.233575;-0.238665;-0.243748;-0.248823;-0.25389;-0.258949;-0.263998;-0.269039;-0.274069;-0.27909;-0.284101;-0.289101;-0.294089;-0.299067;-0.304032;-0.308985;-0.313925;-0.318852;-0.323766;-0.328665;-0.33355;-0.33842;-0.343274;-0.348113;-0.352936;-0.357742;-0.362531;-0.367304;-0.372058;-0.376795;-0.381513;-0.386213;-0.390894;-0.395556;-0.400197;-0.404819;-0.40942;-0.413999;-0.418558;-0.423094;-0.427608;-0.4321;-0.436567;-0.441011;-0.44543;-0.449825;-0.454194;-0.458536;-0.462853;-0.467142;-0.471403;-0.475637;-0.479841;-0.484017;-0.488163;-0.492279;-0.496364;-0.500418;-0.504441;-0.508432;-0.51239;-0.516315;-0.520207;-0.524065;-0.527888;-0.531676;-0.535429;-0.539145;-0.542824;-0.546465;-0.550069;-0.553633;-0.557159;-0.560643;-0.564087;-0.56749;-0.57085;-0.574167;-0.577441;-0.58067;-0.583855;-0.586994;-0.590086;-0.593132;-0.59613;-0.59908;-0.601981;-0.604833
-0.112153;-0.120524;-0.124705;-0.128882;-0.133055;-0.137222;-0.141384;-0.14554;-0.149689;-0.153832;-0.157967;-0.162094;-0.166213;-0.170323;-0.174424;-0.178516;-0.182597;-0.186668;-0.190728;-0.194776;-0.198813;-0.202837;-0.206848;-0.210846;-0.21483;-0.2188;-0.222754;-0.226693;-0.230616;-0.234522;-0.238411;-0.242282;-0.246135;-0.249969;-0.253783;-0.257578;-0.261352;-0.265104;-0.268836;-0.272545;-0.276232;-0.279896;-0.283536;-0.287152;-0.290744;-0.294311;-0.297852;-0.301367;-0.304856;-0.308318;-0.311752;-0.315159;-0.318536;-0.321884;-0.325202;-0.32849;-0.331746;-0.33497;-0.338162;-0.341321;-0.344446;-0.347537;-0.350593;-0.353613;-0.356597;-0.359544;-0.362453;-0.365325;-0.368157;-0.370951;-0.373705;-0.376418;-0.37909;-0.381721;-0.38431;-0.386856;-0.389358;-0.391816;-0.39423;-0.396599;-0.398921;-0.401197;-0.403425;-0.405605;-0.407736;-0.409817;-0.411848;-0.413828;-0.415756;-0.417631;-0.419453;-0.42122;-0.422933;-0.424589;-0.42619;-0.427733;-0.429218;-0.430645;-0.432012;-0.433319;-0.434566
-0.0623485;-0.0683075;-0.0712824;-0.0742533;-0.0772197;-0.0801808;-0.0831361;-0.086085;-0.0890268;-0.091961;-0.094887;-0.0978042;-0.100712;-0.10361;-0.106498;-0.109375;-0.11224;-0.115093;-0.117933;-0.12076;-0.123574;-0.126373;-0.129157;-0.131925;-0.134677;-0.137412;-0.14013;-0.14283;-0.14551;-0.148171;-0.150812;-0.153432;-0.156031;-0.158607;-0.161161;-0.163691;-0.166197;-0.168678;-0.171134;-0.173565;-0.175968;-0.178345;-0.180694;-0.183015;-0.185307;-0.187569;-0.189802;-0.192004;-0.194175;-0.196314;-0.19842;-0.200494;-0.202533;-0.204538;-0.206508;-0.208442;-0.21034;-0.2122;-0.214022;-0.215805;-0.217549;-0.219253;-0.220915;-0.222537;-0.224116;-0.225652;-0.227144;-0.228592;-0.229995;-0.231353;-0.232664;-0.233929;-0.235145;-0.236314;-0.237434;-0.238504;-0.239524;-0.240493;-0.241411;-0.242276;-0.243088;-0.243846;-0.24455;-0.245198;-0.24579;-0.246325;-0.246802;-0.247221;-0.24758;-0.247879;-0.248117;-0.248293;-0.248407;-0.248457;-0.248444;-0.248365;-0.248221;-0.248011;-0.247733;-0.247388;-0.246974
-0.0123887;-0.0156106;-0.0172175;-0.0188207;-0.0204196;-0.0220134;-0.0236015;-0.025183;-0.0267574;-0.028324;-0.0298821;-0.0314312;-0.0329704;-0.0344993;-0.0360172;-0.0375234;-0.0390174;-0.0404984;-0.0419659;-0.0434192;-0.0448576;-0.0462805;-0.0476872;-0.049077;-0.0504492;-0.051803;-0.0531378;-0.0544529;-0.0557474;-0.0570207;-0.0582721;-0.0595007;-0.0607059;-0.061887;-0.0630433;-0.064174;-0.0652784;-0.0663559;-0.0674059;-0.0684276;-0.0694204;-0.0703836;-0.0713167;-0.0722189;-0.0730896;-0.0739281;-0.0747339;-0.0755063;-0.0762445;-0.0769478;-0.0776157;-0.0782474;-0.0788421;-0.0793992;-0.0799178;-0.0803973;-0.0808369;-0.0812358;-0.0815932;-0.0819085;-0.0821808;-0.0824094;-0.0825936;-0.0827325;-0.0828256;-0.082872;-0.082871;-0.082822;-0.0827243;-0.0825771;-0.0823799;-0.0821318;-0.0818322;-0.0814805;-0.081076;-0.0806178;-0.0801055;-0.0795381;-0.078915;-0.0782355;-0.0774988;-0.0767041;-0.0758506;-0.0749376;-0.0739642;-0.0729297;-0.0718332;-0.070674;-0.0694513;-0.0681641;-0.0668118;-0.0653936;-0.0639086;-0.0623561;-0.0607354;-0.0590456;-0.0572861;-0.0554561;-0.0535548;-0.0515816;-0.0495356
0.0376022;0.0372946;0.037144;0.0369965;0.0368529;0.0367138;0.0365802;0.0364527;0.0363319;0.0362187;0.0361138;0.0360177;0.0359312;0.0358551;0.0357898;0.0357362;0.0356949;0.0356665;0.0356519;0.0356515;0.0356662;0.0356967;0.0357437;0.0358078;0.0358899;0.0359907;0.036111;0.0362514;0.0364129;0.036596;0.0368017;0.0370306;0.0372836;0.0375613;0.0378645;0.0381939;0.0385503;0.0389344;0.0393468;0.0397882;0.0402594;0.040761;0.0412937;0.0418582;0.042455;0.043085;0.0437487;0.0444468;0.0451802;0.0459493;0.0467551;0.0475981;0.0484792;0.049399;0.0503584;0.051358;0.0523986;0.0534811;0.0546062;0.0557746;0.0569871;0.0582445;0.0595474;0.0608968;0.0622932;0.0637373;0.06523;0.066772;0.0683638;0.0700061;0.0716998;0.0734454;0.0752436;0.077095;0.0790005;0.0809606;0.082976;0.0850475;0.0871758;0.0893616;0.0916056;0.0939085;0.0962712;0.0986944;0.101179;0.103725;0.106334;0.109007;0.111744;0.114547;0.117415;0.120349;0.123351;0.126421;0.12956;0.132769;0.136047;0.139397;0.142818;0.146311;0.149877
0.087499;0.0901289;0.0914459;0.0927652;0.0940876;0.0954139;0.0967448;0.0980811;0.0994234;0.100773;0.102129;0.103494;0.104868;0.106251;0.107644;0.109049;0.110465;0.111893;0.113334;0.114789;0.116259;0.117743;0.119243;0.12076;0.122294;0.123846;0.125417;0.127007;0.128617;0.130249;0.131902;0.133578;0.135277;0.137001;0.138748;0.140522;0.142321;0.144148;0.146002;0.147884;0.149796;0.151737;0.153708;0.15571;0.157743;0.159809;0.161908;0.16404;0.166207;0.168409;0.170646;0.172919;0.17523;0.177578;0.179965;0.182391;0.184856;0.187363;0.189911;0.192501;0.195134;0.197811;0.200532;0.203298;0.206109;0.208967;0.211872;0.214825;0.217826;0.220876;0.223976;0.227126;0.230328;0.23358;0.236885;0.240242;0.243654;0.247119;0.250639;0.254214;0.257845;0.261534;0.265279;0.269083;0.272946;0.276869;0.280851;0.284895;0.289;0.293168;0.297398;0.301693;0.306052;0.310476;0.314965;0.319521;0.324143;0.328834;0.333592;0.338419;0.343315
0.137177;0.142613;0.145331;0.148051;0.150773;0.153498;0.156226;0.158959;0.161696;0.16444;0.167189;0.169946;0.17271;0.175483;0.178264;0.181055;0.183856;0.186668;0.189492;0.192328;0.195176;0.198038;0.200915;0.203806;0.206713;0.209636;0.212576;0.215534;0.21851;0.221506;0.224521;0.227557;0.230614;0.233693;0.236795;0.23992;0.243069;0.246243;0.249442;0.252667;0.255918;0.259197;0.262503;0.265838;0.269202;0.272596;0.276019;0.279474;0.28296;0.286478;0.290029;0.293613;0.297231;0.300884;0.304572;0.308296;0.312057;0.315855;0.319691;0.323566;0.32748;0.331434;0.335429;0.339465;0.343543;0.347664;0.351827;0.356034;0.360285;0.364582;0.368923;0.373311;0.377745;0.382226;0.386754;0.391331;0.395956;0.40063;0.405355;0.41013;0.414955;0.419832;0.424762;0.429744;0.434779;0.439869;0.445012;0.450211;0.455466;0.460777;0.466145;0.47157;0.477053;0.482595;0.488195;0.493855;0.499576;0.505356;0.511198;0.517101;0.523066
0.186512;0.194473;0.198452;0.202431;0.206412;0.210394;0.214378;0.218366;0.222356;0.226351;0.230351;0.234356;0.238367;0.242384;0.246409;0.250441;0.254481;0.258531;0.262589;0.266658;0.270737;0.274827;0.278929;0.283043;0.287171;0.291312;0.295467;0.299637;0.303823;0.308025;0.312244;0.31648;0.320734;0.325007;0.329299;0.333611;0.337944;0.342297;0.346672;0.35107;0.35549;0.359933;0.3644;0.368891;0.373407;0.377948;0.382516;0.387109;0.39173;0.396377;0.401053;0.405758;0.410491;0.415254;0.420048;0.424872;0.429728;0.434615;0.439535;0.444488;0.449475;0.454496;0.459551;0.464642;0.469768;0.474931;0.48013;0.485367;0.490641;0.495954;0.501305;0.506695;0.512124;0.517594;0.523103;0.528654;0.534245;0.539878;0.545554;0.551272;0.557032;0.562837;0.568685;0.574577;0.580515;0.586497;0.592526;0.598601;0.604722;0.61089;0.617106;0.62337;0.629682;0.636043;0.642453;0.648912;0.655422;0.661981;0.668591;0.675252;0.681964
0.235381;0.245447;0.250478;0.255508;0.260537;0.265567;0.270597;0.275628;0.280662;0.285698;0.290736;0.295778;0.300824;0.305874;0.310929;0.315988;0.321054;0.326126;0.331204;0.33629;0.341383;0.346484;0.351594;0.356713;0.361841;0.36698;0.37213;0.37729;0.382462;0.387647;0.392844;0.398055;0.403279;0.408518;0.413771;0.419039;0.424324;0.429624;0.434942;0.440276;0.445627;0.450997;0.456385;0.461792;0.467218;0.472663;0.478128;0.483614;0.489121;0.494648;0.500198;0.505769;0.511363;0.51698;0.52262;0.528284;0.533972;0.539685;0.545423;0.551186;0.556976;0.562792;0.568634;0.574504;0.580401;0.586327;0.59228;0.598262;0.604273;0.610313;0.616383;0.622483;0.628613;0.634773;0.640964;0.647186;0.65344;0.659725;0.666042;0.672391;0.678772;0.685187;0.691634;0.698115;0.70463;0.711179;0.717762;0.72438;0.731032;0.73772;0.744443;0.751202;0.757997;0.764828;0.771696;0.7786;0.785541;0.792518;0.799533;0.806585;0.813674
0.283662;0.295295;0.301107;0.306917;0.312725;0.318532;0.324339;0.330144;0.33595;0.341756;0.347563;0.35337;0.359179;0.36499;0.370803;0.376618;0.382436;0.388256;0.394081;0.399909;0.405741;0.411578;0.417419;0.423266;0.429118;0.434976;0.44084;0.446712;0.45259;0.458476;0.464369;0.470271;0.476182;0.482101;0.48803;0.493968;0.499917;0.505876;0.511845;0.517825;0.523817;0.52982;0.535834;0.541861;0.5479;0.553952;0.560016;0.566093;0.572184;0.578288;0.584407;0.590539;0.596686;0.602847;0.609024;0.615216;0.621423;0.627647;0.633886;0.640142;0.646414;0.652704;0.65901;0.665334;0.671676;0.678036;0.684413;0.690809;0.697223;0.703656;0.710107;0.716578;0.723067;0.729575;0.736102;0.742649;0.749216;0.755801;0.762407;0.769033;0.775678;0.782343;0.789029;0.795735;0.802462;0.809209;0.815977;0.822766;0.829575;0.836406;0.843258;0.850131;0.857026;0.863941;0.870878;0.877836;0.884815;0.891816;0.898838;0.905881;0.912945
